Year_;Month_;Global_;Northern;Southern
1850;1;-0.67456436;-0.9006187;-0.44851005
1850;2;-0.333416;-0.15071486;-0.5161171
1850;3;-0.59132266;-0.50326127;-0.679384
1850;4;-0.58872116;-0.67327887;-0.50416344
1850;5;-0.5081851;-0.60724604;-0.40912414
1850;6;-0.34424013;-0.19347593;-0.4950043
1850;7;-0.15979019;-0.061502025;-0.25807837
1850;8;-0.2076543;0.015616962;-0.43092555
1850;9;-0.3847069;-0.31790617;-0.4515077
1850;10;-0.53312653;-0.7515545;-0.31469855
1850;11;-0.2825075;-0.5644277;-0.000587348
1850;12;-0.40367043;-0.5211238;-0.286217
1851;1;-0.20073938;-0.044900708;-0.35657808
1851;2;-0.46933234;-0.50167;-0.4369947
1851;3;-0.6460531;-1.0070971;-0.2850089
1851;4;-0.5421326;-0.6889065;-0.39535868
1851;5;-0.19762275;-0.111604765;-0.28364074
1851;6;-0.13670355;0.052468386;-0.3258755
1851;7;-0.0968156;-0.053910352;-0.13972086
1851;8;-0.10175375;-0.0062075043;-0.19729999
1851;9;-0.091244884;0.08826249;-0.27075225
1851;10;-0.00836263;0.05810798;-0.074833244
1851;11;-0.08189084;-0.20954458;0.045762915
1851;12;-0.22754622;-0.20598541;-0.24910702
1852;1;-0.37509567;-0.3527414;-0.39744994
1852;2;-0.47672674;-0.48287162;-0.47058183
1852;3;-0.5597683;-0.6762869;-0.44324976
1852;4;-0.5853704;-0.71890914;-0.45183176
1852;5;-0.12741269;-0.028678063;-0.22614732
1852;6;-0.083659135;-0.02144388;-0.14587438
1852;7;0.005029385;-0.011929803;0.021988573
1852;8;-0.13558698;-0.05565623;-0.21551771
1852;9;-0.0019016695;-0.02047585;0.01667251
1852;10;-0.172434;-0.06976813;-0.27509987
1852;11;-0.3052479;-0.57795095;-0.032544877
1852;12;0.065385304;0.18828736;-0.05751676
1853;1;-0.23259853;-0.04770193;-0.41749513
1853;2;-0.40372267;-0.42018542;-0.38725993
1853;3;-0.28042167;-0.5052254;-0.055617914
1853;4;-0.38631994;-0.45581898;-0.31682092
1853;5;-0.2678886;-0.1632042;-0.37257305
1853;6;-0.1423762;0.023884673;-0.30863708
1853;7;-0.08344058;0.067338325;-0.23421948
1853;8;-0.056647103;0.09737421;-0.21066841
1853;9;-0.2502504;-0.19538143;-0.30511937
1853;10;-0.391768;-0.3821505;-0.4013855
1853;11;-0.41142052;-0.6015902;-0.22125086
1853;12;-0.33739907;-0.36204526;-0.31275287
1854;1;-0.3813734;-0.45771125;-0.30503556
1854;2;-0.36109406;-0.4223606;-0.2998275
1854;3;-0.24269956;-0.085044146;-0.40035498
1854;4;-0.3338324;-0.31132418;-0.35634068
1854;5;-0.29079238;-0.19426188;-0.3873229
1854;6;-0.29902688;-0.34954852;-0.24850523
1854;7;-0.17864197;0.06719997;-0.42448393
1854;8;-0.23944739;0.050826762;-0.5297215
1854;9;-0.21674344;-0.12305348;-0.31043342
1854;10;-0.09526511;0.16684422;-0.35737443
1854;11;-0.41029203;-0.28160533;-0.53897876
1854;12;-0.4503518;-0.15885867;-0.74184495
1855;1;-0.15919624;0.0034667382;-0.3218592
1855;2;-0.31344938;-0.37075746;-0.2561413
1855;3;-0.34401497;-0.35366672;-0.33436322
1855;4;-0.21820337;0.065733954;-0.5021407
1855;5;-0.3877071;-0.2370935;-0.5383208
1855;6;-0.3329626;-0.1758612;-0.49006402
1855;7;-0.3329893;-0.2142391;-0.45173952
1855;8;-0.19952463;-0.14797918;-0.25107005
1855;9;-0.27071294;-0.3261661;-0.21525976
1855;10;-0.19544719;-0.12124105;-0.26965335
1855;11;-0.38930947;-0.44888303;-0.32973593
1855;12;-0.41989732;-0.6210319;-0.21876276
1856;1;-0.075628236;0.026184699;-0.17744118
1856;2;-0.33713824;-0.38124987;-0.29302657
1856;3;-0.35769272;-0.50800085;-0.20738457
1856;4;-0.3159384;-0.24351892;-0.3883579
1856;5;-0.28508008;-0.22362927;-0.34653085
1856;6;-0.21416615;-0.09033326;-0.33799905
1856;7;-0.22469248;-0.2730145;-0.17637047
1856;8;-0.23770598;-0.27353257;-0.20187938
1856;9;-0.38821492;-0.368679;-0.40775084
1856;10;-0.4381357;-0.48836842;-0.387903
1856;11;-0.55232793;-0.6914821;-0.4131737
1856;12;-0.4175237;-0.4868663;-0.34818116
1857;1;-0.49476224;-0.6725955;-0.316929
1857;2;-0.43487996;-0.41804722;-0.45171273
1857;3;-0.47860673;-0.46425134;-0.49296212
1857;4;-0.6443354;-0.73783344;-0.55083734
1857;5;-0.65871185;-0.7327138;-0.5847098
1857;6;-0.30414528;-0.19904648;-0.40924406
1857;7;-0.4113695;-0.25409463;-0.5686444
1857;8;-0.36897412;-0.21586405;-0.52208424
1857;9;-0.37968943;-0.3375206;-0.42185828
1857;10;-0.47263545;-0.50081277;-0.44445813
1857;11;-0.6851335;-0.7597533;-0.61051375
1857;12;-0.27351704;-0.12422665;-0.4228074
1858;1;-0.29548538;-0.12322852;-0.46774226
1858;2;-0.47690183;-0.60230875;-0.35149494
1858;3;-0.5476575;-0.5660006;-0.5293144
1858;4;-0.42799428;-0.29983082;-0.55615777
1858;5;-0.5320951;-0.38763866;-0.67655146
1858;6;-0.37952122;-0.28730443;-0.471738
1858;7;-0.3355508;-0.24011348;-0.43098813
1858;8;-0.27754986;-0.33527145;-0.21982826
1858;9;-0.28318587;-0.3763679;-0.19000387
1858;10;-0.2887329;-0.17612348;-0.4013423
1858;11;-0.36552474;-0.4255758;-0.30547372
1858;12;-0.4549887;-0.4834889;-0.4264885
1859;1;-0.38148466;-0.33785602;-0.42511332
1859;2;-0.34352297;-0.32000422;-0.36704174
1859;3;-0.31371728;-0.2638359;-0.36359864
1859;4;-0.15715948;-0.08328769;-0.23103124
1859;5;-0.15164812;-0.0136809815;-0.28961527
1859;6;-0.24957645;-0.12850703;-0.37064585
1859;7;-0.31209;-0.26761;-0.35657004
1859;8;-0.24464844;-0.14298159;-0.34631532
1859;9;-0.393858;-0.38717142;-0.40054455
1859;10;-0.25472045;-0.27766982;-0.23177108
1859;11;-0.2875482;-0.250893;-0.3242034
1859;12;-0.28437135;-0.4982312;-0.07051148
1860;1;-0.39058298;-0.5770035;-0.20416245
1860;2;-0.4682912;-0.6404198;-0.2961626
1860;3;-0.7864609;-1.2679583;-0.30496347
1860;4;-0.30610728;-0.3308667;-0.2813479
1860;5;-0.36362675;-0.27852127;-0.44873223
1860;6;-0.21145956;-0.10445343;-0.3184657
1860;7;-0.1847646;-0.09886361;-0.2706656
1860;8;-0.1142386;-0.02295626;-0.20552094
1860;9;-0.13131975;-0.013608623;-0.24903089
1860;10;-0.3459595;-0.27193123;-0.41998777
1860;11;-0.60494;-0.82197547;-0.3879046
1860;12;-0.774231;-1.0798267;-0.46863532
1861;1;-0.91803956;-1.382559;-0.45352018
1861;2;-0.6245886;-0.66150665;-0.58767056
1861;3;-0.41567025;-0.39429238;-0.4370481
1861;4;-0.38623625;-0.5478385;-0.224634
1861;5;-0.6607519;-0.5168911;-0.80461264
1861;6;-0.25202128;-0.103430875;-0.40061167
1861;7;-0.29750192;0.05200617;-0.64700997
1861;8;-0.041093126;0.111801334;-0.19398758
1861;9;-0.27033228;-0.24801917;-0.29264542
1861;10;-0.47664645;-0.41407913;-0.5392138
1861;11;-0.45758948;-0.44297364;-0.4722053
1861;12;-0.35085425;-0.3187166;-0.3829919
1862;1;-0.82483715;-1.1130203;-0.5366541
1862;2;-0.7155356;-1.0046529;-0.4264183
1862;3;-0.5353963;-0.8371359;-0.2336567
1862;4;-0.52208453;-0.79820573;-0.24596336
1862;5;-0.3478659;-0.5525246;-0.1432072
1862;6;-0.3066114;-0.41355714;-0.19966562
1862;7;-0.3448706;-0.33973104;-0.35001013
1862;8;-0.4561808;-0.29864195;-0.61371964
1862;9;-0.3624242;-0.33977076;-0.38507766
1862;10;-0.44867027;-0.51722866;-0.38011187
1862;11;-0.6777555;-0.9237737;-0.4317372
1862;12;-0.8945406;-1.2805809;-0.5085004
1863;1;-0.07634223;0.18852645;-0.3412109
1863;2;-0.24953309;-0.26256448;-0.23650171
1863;3;-0.3549987;-0.3348571;-0.3751403
1863;4;-0.28827205;-0.31638238;-0.2601617
1863;5;-0.3840041;-0.19225156;-0.5757566
1863;6;-0.36912903;-0.2889883;-0.4492698
1863;7;-0.3123347;-0.25171044;-0.37295893
1863;8;-0.29738235;-0.18093032;-0.41383442
1863;9;-0.35204113;-0.21702242;-0.48705983
1863;10;-0.5043272;-0.6492517;-0.35940266
1863;11;-0.44055805;-0.4557238;-0.42539227
1863;12;-0.50319576;-0.65515155;-0.35123995
1864;1;-0.8532364;-0.96151525;-0.7449575
1864;2;-0.5934415;-0.5855036;-0.60137933
1864;3;-0.49939686;-0.5074581;-0.49133563
1864;4;-0.54358864;-0.5584429;-0.5287343
1864;5;-0.32347065;-0.32466525;-0.3222761
1864;6;-0.11254485;0.18495072;-0.4100404
1864;7;-0.25960582;-0.12707426;-0.39213744
1864;8;-0.3079488;0.02401922;-0.6399168
1864;9;-0.4425317;-0.37723416;-0.50782925
1864;10;-0.6029094;-0.6937615;-0.51205724
1864;11;-0.45623875;-0.7052797;-0.20719783
1864;12;-0.5903272;-0.90775746;-0.27289692
1865;1;-0.17609702;-0.012363493;-0.33983055
1865;2;-0.46668038;-0.7600303;-0.17333044
1865;3;-0.66122115;-1.0518299;-0.2706124
1865;4;-0.4481533;-0.7355513;-0.1607553
1865;5;-0.37767282;-0.25981465;-0.495531
1865;6;-0.1958778;-0.06359463;-0.32816097
1865;7;-0.21560228;-0.16771226;-0.26349232
1865;8;-0.21177977;-0.20155872;-0.22200081
1865;9;-0.17093047;-0.024168827;-0.31769213
1865;10;-0.26942545;-0.21918891;-0.31966197
1865;11;-0.33705235;-0.25909343;-0.4150113
1865;12;-0.4605614;-0.65528566;-0.26583713
1866;1;-0.1320992;-0.101021715;-0.16317667
1866;2;-0.40108874;-0.5328015;-0.26937604
1866;3;-0.6821522;-0.8675933;-0.4967111
1866;4;-0.4543501;-0.5333461;-0.37535414
1866;5;-0.5719213;-0.75216556;-0.39167702
1866;6;-0.0985114;-0.03505893;-0.16196387
1866;7;-0.00851037;0.08329945;-0.10032019
1866;8;-0.2494715;-0.182148;-0.316795
1866;9;-0.37775257;-0.3623511;-0.39315405
1866;10;-0.4206272;-0.59310234;-0.24815205
1866;11;-0.29829076;-0.27520606;-0.32137546
1866;12;-0.40035242;-0.33326527;-0.46743956
1867;1;-0.40518752;-0.501059;-0.30931607
1867;2;-0.3535976;-0.3190334;-0.3881618
1867;3;-0.6812089;-1.0716891;-0.29072863
1867;4;-0.4213023;-0.5964037;-0.24620086
1867;5;-0.57436174;-0.8542732;-0.2944503
1867;6;-0.35023195;-0.35556042;-0.34490347
1867;7;-0.25301105;-0.14538062;-0.36064145
1867;8;-0.33047715;-0.17148551;-0.48946878
1867;9;-0.14789358;-0.12839587;-0.16739129
1867;10;-0.12525536;-0.13226868;-0.11824205
1867;11;-0.19566038;-0.16366914;-0.22765163
1867;12;-0.44537255;-0.42190027;-0.46884483
1868;1;-0.6848776;-0.8059168;-0.5638383
1868;2;-0.69327545;-1.002921;-0.38363
1868;3;-0.33465612;-0.51361644;-0.15569581
1868;4;-0.36299402;-0.28538185;-0.44060618
1868;5;-0.28559557;-0.23383957;-0.3373516
1868;6;-0.29764694;-0.0680737;-0.5272202
1868;7;-0.059621982;0.32301566;-0.44225964
1868;8;-0.1932709;-0.12249868;-0.26404312
1868;9;-0.34477365;-0.40130225;-0.28824505
1868;10;-0.22966905;-0.23849043;-0.22084768
1868;11;-0.42318085;-0.66073555;-0.18562612
1868;12;-0.31396636;-0.2947847;-0.333148
1869;1;-0.33569098;-0.33319452;-0.33818743
1869;2;0.13131645;0.37711036;-0.11447745
1869;3;-0.6257712;-0.80616933;-0.44537312
1869;4;-0.40569928;-0.52015454;-0.29124403
1869;5;-0.3099707;-0.17847864;-0.44146276
1869;6;-0.38451383;-0.18885697;-0.58017063
1869;7;-0.41707024;-0.16387938;-0.6702611
1869;8;-0.16793925;0.05309157;-0.38897008
1869;9;-0.17162752;-0.038910627;-0.30434442
1869;10;-0.2934824;-0.2213142;-0.36565056
1869;11;-0.2818132;-0.289939;-0.27368745
1869;12;-0.5365831;-0.67446756;-0.39869872
1870;1;-0.21106681;-0.22474743;-0.19738618
1870;2;-0.4544139;-0.6065866;-0.30224115
1870;3;-0.4983347;-0.5528734;-0.443796
1870;4;-0.33294073;-0.3906412;-0.27524027
1870;5;-0.2977442;-0.08856701;-0.5069214
1870;6;-0.23123583;-0.052776366;-0.4096953
1870;7;-0.073357955;0.07790143;-0.22461733
1870;8;-0.2582274;-0.1755203;-0.34093454
1870;9;-0.2023172;-0.08390179;-0.3207326
1870;10;-0.44285795;-0.39998037;-0.48573557
1870;11;-0.2658218;-0.20329735;-0.32834628
1870;12;-0.6663718;-1.0438268;-0.28891677
1871;1;-0.55831134;-0.84294796;-0.2736747
1871;2;-0.6715548;-1.1151167;-0.22799289
1871;3;-0.17169894;-0.23477498;-0.10862291
1871;4;-0.22192766;-0.15400356;-0.28985175
1871;5;-0.3622017;-0.44926006;-0.27514333
1871;6;-0.2864155;-0.239781;-0.33304998
1871;7;-0.082433164;-0.028054463;-0.13681187
1871;8;-0.32236677;-0.12129757;-0.52343595
1871;9;-0.36107233;-0.3287831;-0.39336154
1871;10;-0.37327537;-0.23991399;-0.50663674
1871;11;-0.5226968;-0.8711069;-0.17428662
1871;12;-0.48901418;-0.666426;-0.31160235
1872;1;-0.59878874;-0.82564515;-0.3719323
1872;2;-0.61987036;-0.86018455;-0.37955612
1872;3;-0.523702;-0.5938154;-0.45358863
1872;4;-0.3854148;-0.43333066;-0.33749893
1872;5;-0.14151993;-0.034865003;-0.24817488
1872;6;-0.27950048;-0.19112915;-0.36787182
1872;7;-0.14631678;-0.04254468;-0.2500889
1872;8;0.008637112;0.20831403;-0.19103982
1872;9;-0.17648244;-0.02383722;-0.32912767
1872;10;-0.2035192;-0.18469389;-0.2223445
1872;11;-0.32202852;-0.5513282;-0.09272889
1872;12;-0.5479975;-0.7512103;-0.3447847
1873;1;-0.26165044;-0.48079532;-0.042505544
1873;2;-0.28293252;-0.39409187;-0.17177317
1873;3;-0.4087238;-0.56623185;-0.25121573
1873;4;-0.4805553;-0.6871962;-0.27391437
1873;5;-0.3509207;-0.45463565;-0.24720575
1873;6;-0.32054913;-0.29350698;-0.34759125
1873;7;-0.17570111;-0.114824556;-0.23657766
1873;8;-0.22783396;-0.16997768;-0.28569022
1873;9;-0.40525547;-0.41712326;-0.39338765
1873;10;-0.3906487;-0.31321773;-0.46807966
1873;11;-0.46331128;-0.4837331;-0.44288948
1873;12;-0.3279057;-0.13180836;-0.5240031
1874;1;-0.19854628;-0.10022739;-0.29686514
1874;2;-0.43842116;-0.41180852;-0.46503377
1874;3;-0.6729315;-0.8324079;-0.5134551
1874;4;-0.4370358;-0.38454756;-0.48952404
1874;5;-0.33399135;-0.075460345;-0.5925224
1874;6;-0.56584716;-0.30599463;-0.8256997
1874;7;-0.16706698;-0.18060099;-0.15353297
1874;8;-0.2960711;-0.16136454;-0.43077767
1874;9;-0.16819394;0.0073552756;-0.34374315
1874;10;-0.47115755;-0.37295064;-0.5693645
1874;11;-0.41774487;-0.41994056;-0.41554922
1874;12;-0.31200656;-0.286845;-0.3371681
1875;1;-0.5711182;-0.911584;-0.23065233
1875;2;-0.4792721;-0.7792256;-0.17931858
1875;3;-0.56430274;-0.734555;-0.39405042
1875;4;-0.35805592;-0.53496665;-0.18114519
1875;5;-0.2728362;-0.36169213;-0.18398032
1875;6;-0.27996176;-0.117671676;-0.44225183
1875;7;-0.18206008;-0.06105984;-0.30306032
1875;8;-0.24648568;-0.24072202;-0.25224936
1875;9;-0.23427878;-0.3131269;-0.15543067
1875;10;-0.23321441;-0.21856253;-0.24786627
1875;11;-0.50920546;-0.83072805;-0.18768287
1875;12;-0.57672006;-0.70077354;-0.45266652
1876;1;-0.51370406;-0.623623;-0.40378514
1876;2;-0.33739862;-0.38393483;-0.29086244
1876;3;-0.36232424;-0.41514638;-0.3095021
1876;4;-0.42427677;-0.45684132;-0.3917122
1876;5;-0.59042513;-0.7160348;-0.46481538
1876;6;-0.35227904;-0.14940025;-0.55515784
1876;7;-0.21372749;-0.022539385;-0.4049156
1876;8;-0.32724735;-0.20037007;-0.45412463
1876;9;-0.41784137;-0.24930085;-0.58638185
1876;10;-0.29983562;-0.27615386;-0.32351738
1876;11;-0.60684675;-0.7221237;-0.4915698
1876;12;-0.64341265;-1.0041267;-0.28269863
1877;1;-0.41108242;-0.516822;-0.30534282
1877;2;-0.20926146;-0.3706382;-0.047884736
1877;3;-0.091358565;-0.17786238;-0.004854754
1877;4;-0.3459171;-0.465637;-0.2261972
1877;5;-0.41127652;-0.31192002;-0.51063305
1877;6;-0.13819988;0.024416076;-0.30081582
1877;7;-0.016253214;0.090206884;-0.12271331
1877;8;0.21073052;0.3768908;0.044570234
1877;9;0.10758122;0.16452116;0.050641276
1877;10;0.11331653;0.044526342;0.18210672
1877;11;0.03397783;0.08125799;-0.013302334
1877;12;-0.05556291;-0.1552871;0.044161286
1878;1;-0.06979711;-0.3300493;0.19045508
1878;2;0.22940955;0.280536;0.1782831
1878;3;0.36132926;0.5733159;0.14934264
1878;4;0.18853739;0.25123623;0.12583853
1878;5;-0.122401394;-0.09020836;-0.15459442
1878;6;0.010291125;0.37982076;-0.3592385
1878;7;-0.0772364;0.09266281;-0.24713561
1878;8;-0.04655335;0.115443096;-0.2085498
1878;9;0.020835022;0.19441724;-0.15274718
1878;10;-0.1650159;-0.16592672;-0.1641051
1878;11;-0.14255811;-0.093853116;-0.19126311
1878;12;-0.3226224;-0.35286582;-0.29237893
1879;1;-0.23778471;-0.20937522;-0.2661942
1879;2;-0.26602048;-0.26680237;-0.26523858
1879;3;-0.2583884;-0.25668782;-0.26008898
1879;4;-0.38240048;-0.4471829;-0.3176181
1879;5;-0.34387106;-0.3175708;-0.37017134
1879;6;-0.28325993;-0.31507412;-0.25144577
1879;7;-0.2641225;-0.22001521;-0.30822977
1879;8;-0.26534295;-0.31071153;-0.21997434
1879;9;-0.23556925;-0.24165961;-0.2294789
1879;10;-0.15905875;-0.020514285;-0.29760322
1879;11;-0.397338;-0.5903641;-0.20431188
1879;12;-0.55045533;-0.83902556;-0.2618851
1880;1;-0.39386344;-0.4769953;-0.31073156
1880;2;-0.4498938;-0.6396271;-0.26016054
1880;3;-0.19438674;-0.3592889;-0.029484581
1880;4;-0.33803284;-0.4652988;-0.21076687
1880;5;-0.3253502;-0.30321893;-0.34748146
1880;6;-0.38053036;-0.30184436;-0.45921636
1880;7;-0.3148068;-0.3074414;-0.32217214
1880;8;-0.10718303;-0.18032041;-0.03404566
1880;9;-0.29703382;-0.32459658;-0.26947105
1880;10;-0.39094922;-0.4204255;-0.36147296
1880;11;-0.28068957;-0.34534582;-0.21603334
1880;12;-0.3172651;-0.48357028;-0.15095991
1881;1;-0.21463032;-0.23429029;-0.19497035
1881;2;-0.22458804;-0.32012048;-0.12905559
1881;3;-0.24820606;-0.37932685;-0.11708527
1881;4;-0.06252021;-0.042219996;-0.08282043
1881;5;-0.12189843;-0.14764236;-0.096154496
1881;6;-0.39908272;-0.37809783;-0.42006764
1881;7;-0.19404487;-0.18679488;-0.20129487
1881;8;-0.13816847;-0.07692851;-0.19940844
1881;9;-0.3007603;-0.27991554;-0.3216051
1881;10;-0.2305081;-0.33983606;-0.12118015
1881;11;-0.38121367;-0.6082631;-0.15416427
1881;12;-0.27132502;-0.41516316;-0.12748687
1882;1;-0.025385773;0.09909032;-0.14986187
1882;2;-0.11726177;-0.16432194;-0.07020158
1882;3;-0.17708035;-0.24070887;-0.11345181
1882;4;-0.31474164;-0.43130198;-0.19818129
1882;5;-0.32572997;-0.41357186;-0.23788807
1882;6;-0.39225483;-0.4466336;-0.33787605
1882;7;-0.34102684;-0.4169995;-0.2650542
1882;8;-0.24510053;-0.24126402;-0.24893703
1882;9;-0.15044588;-0.19487807;-0.106013685
1882;10;-0.3990836;-0.57260954;-0.22555768
1882;11;-0.40350994;-0.57372403;-0.23329581
1882;12;-0.65474;-0.8788266;-0.4306533
1883;1;-0.47277278;-0.76873684;-0.17680871
1883;2;-0.4854322;-0.8019244;-0.16894002
1883;3;-0.26636964;-0.39769834;-0.13504094
1883;4;-0.43903488;-0.43098447;-0.4470853
1883;5;-0.3400283;-0.3783583;-0.3016983
1883;6;-0.1901544;-0.24178736;-0.13852145
1883;7;-0.21858145;-0.22675799;-0.21040492
1883;8;-0.28788334;-0.2725121;-0.30325457
1883;9;-0.3062682;-0.2995006;-0.31303573
1883;10;-0.3400996;-0.3300371;-0.3501621
1883;11;-0.39625064;-0.62024057;-0.17226073
1883;12;-0.41481745;-0.35622334;-0.47341153
1884;1;-0.44355372;-0.53523445;-0.35187295
1884;2;-0.33285657;-0.46826693;-0.1974462
1884;3;-0.50546813;-0.83276546;-0.17817077
1884;4;-0.5089616;-0.74097013;-0.2769531
1884;5;-0.56562126;-0.65030473;-0.48093775
1884;6;-0.5137893;-0.56313145;-0.4644471
1884;7;-0.5658637;-0.5990647;-0.53266275
1884;8;-0.429122;-0.5925146;-0.2657294
1884;9;-0.5043303;-0.68428826;-0.3243723
1884;10;-0.463346;-0.5556734;-0.3710186
1884;11;-0.5852065;-0.84363556;-0.32677743
1884;12;-0.4897219;-0.5476879;-0.43175587
1885;1;-0.65614164;-0.9463799;-0.36590335
1885;2;-0.5527572;-0.67960036;-0.42591402
1885;3;-0.42101642;-0.45487493;-0.3871579
1885;4;-0.63497037;-0.7008803;-0.5690605
1885;5;-0.60631216;-0.6065654;-0.60605884
1885;6;-0.63664883;-0.62671715;-0.6465806
1885;7;-0.42047033;-0.36780736;-0.4731333
1885;8;-0.4050678;-0.27369186;-0.5364437
1885;9;-0.35673314;-0.3599102;-0.3535561
1885;10;-0.36150765;-0.3553784;-0.36763695
1885;11;-0.38425598;-0.58056265;-0.18794933
1885;12;-0.21760142;-0.16327094;-0.2719319
1886;1;-0.479745;-0.58033466;-0.3791553
1886;2;-0.47879001;-0.6716032;-0.28597683
1886;3;-0.48723003;-0.6646761;-0.309784
1886;4;-0.3615867;-0.38864297;-0.33453038
1886;5;-0.29257125;-0.33990476;-0.24523778
1886;6;-0.5019767;-0.46800348;-0.53595
1886;7;-0.3021988;-0.14984429;-0.4545533
1886;8;-0.45738658;-0.38903704;-0.52573615
1886;9;-0.39079213;-0.38623548;-0.39534882
1886;10;-0.41297862;-0.40174565;-0.42421162
1886;11;-0.49078947;-0.6165673;-0.36501163
1886;12;-0.39479798;-0.289001;-0.500595
1887;1;-0.74377;-1.0206991;-0.46684083
1887;2;-0.65888214;-0.7700193;-0.5477449
1887;3;-0.44538546;-0.42662627;-0.46414465
1887;4;-0.48280382;-0.4843649;-0.48124278
1887;5;-0.52945954;-0.43881145;-0.6201076
1887;6;-0.52584267;-0.44302702;-0.6086583
1887;7;-0.38890877;-0.3336439;-0.4441736
1887;8;-0.44554248;-0.5067539;-0.38433105
1887;9;-0.3885525;-0.29170734;-0.48539767
1887;10;-0.4446146;-0.4127828;-0.47644636
1887;11;-0.43516165;-0.38166678;-0.48865652
1887;12;-0.49650568;-0.42052606;-0.57248527
1888;1;-0.6184704;-0.67021257;-0.56672823
1888;2;-0.58728784;-0.7543386;-0.42023706
1888;3;-0.59725916;-0.69841117;-0.4961071
1888;4;-0.35193178;-0.29895195;-0.4049116
1888;5;-0.41130793;-0.37598366;-0.44663218
1888;6;-0.3217171;-0.1772829;-0.46615136
1888;7;-0.3386262;-0.19763234;-0.47962004
1888;8;-0.31051376;-0.23265608;-0.38837144
1888;9;-0.32469457;-0.28478956;-0.3645996
1888;10;-0.16644995;-0.10483774;-0.22806217
1888;11;-0.26496226;-0.29309836;-0.23682614
1888;12;-0.2593257;-0.38119578;-0.13745561
1889;1;-0.2966627;-0.5118319;-0.08149353
1889;2;-0.006579389;0.032236442;-0.04539522
1889;3;-0.08734918;-0.17097223;-0.0037261231
1889;4;-0.08679018;-0.020698765;-0.15288159
1889;5;-0.15811297;-0.15947138;-0.15675457
1889;6;-0.21282648;-0.08844199;-0.33721095
1889;7;-0.28090227;-0.19368899;-0.36811557
1889;8;-0.30713442;-0.21421286;-0.400056
1889;9;-0.34166074;-0.23696162;-0.44635987
1889;10;-0.37001047;-0.36300173;-0.37701923
1889;11;-0.5064449;-0.7371378;-0.27575198
1889;12;-0.34427297;-0.46140847;-0.22713748
1890;1;-0.53390056;-0.6775718;-0.39022928
1890;2;-0.46501267;-0.52942544;-0.4005999
1890;3;-0.6111193;-0.73067766;-0.49156085
1890;4;-0.49407724;-0.4835734;-0.5045811
1890;5;-0.53646934;-0.5253794;-0.54755926
1890;6;-0.49480304;-0.4635699;-0.52603614
1890;7;-0.48914096;-0.43486744;-0.5434145
1890;8;-0.46699485;-0.42188853;-0.5121012
1890;9;-0.482208;-0.44064483;-0.52377117
1890;10;-0.4391856;-0.2999997;-0.57837147
1890;11;-0.67008716;-0.81057936;-0.52959496
1890;12;-0.3992993;-0.46588892;-0.3327097
1891;1;-0.580199;-0.68190765;-0.4784904
1891;2;-0.59757084;-0.82627755;-0.36886415
1891;3;-0.36251077;-0.4436354;-0.28138617
1891;4;-0.4480748;-0.5457132;-0.35043636
1891;5;-0.34619382;-0.3883434;-0.30404425
1891;6;-0.375095;-0.26694426;-0.48324576
1891;7;-0.39966992;-0.27686894;-0.52247083
1891;8;-0.3548557;-0.20353217;-0.5061792
1891;9;-0.25669602;-0.12957332;-0.38381872
1891;10;-0.3429681;-0.36638105;-0.31955516
1891;11;-0.5339126;-0.6980582;-0.36976707
1891;12;-0.21803272;-0.115588814;-0.32047662
1892;1;-0.4647994;-0.5905934;-0.3390054
1892;2;-0.2896702;-0.38296103;-0.19637933
1892;3;-0.532998;-0.78547055;-0.28052545
1892;4;-0.5456076;-0.64243114;-0.4487841
1892;5;-0.4568904;-0.5029033;-0.41087753
1892;6;-0.43644238;-0.31022456;-0.5626602
1892;7;-0.5867592;-0.5307117;-0.6428067
1892;8;-0.508325;-0.49370152;-0.5229484
1892;9;-0.3824375;-0.3515445;-0.4133305
1892;10;-0.43382177;-0.3678628;-0.4997807
1892;11;-0.66069424;-0.9401143;-0.3812741
1892;12;-0.7922568;-1.014204;-0.57030946
1893;1;-1.0448953;-1.5562713;-0.5335193
1893;2;-0.84499276;-1.2315031;-0.4584824
1893;3;-0.42680097;-0.5531515;-0.30045038
1893;4;-0.5148424;-0.46585888;-0.5638259
1893;5;-0.5721378;-0.622161;-0.5221146
1893;6;-0.44231105;-0.2871985;-0.59742355
1893;7;-0.24375539;-0.119063616;-0.36844715
1893;8;-0.2869543;-0.23537222;-0.3385364
1893;9;-0.36513734;-0.32216027;-0.4081144
1893;10;-0.30426577;-0.24784167;-0.36068988
1893;11;-0.404811;-0.42540827;-0.38421375
1893;12;-0.4845268;-0.6146928;-0.35436082
1894;1;-0.6276136;-0.8492126;-0.40601468
1894;2;-0.42949706;-0.43753546;-0.42145866
1894;3;-0.51159126;-0.48150444;-0.54167813
1894;4;-0.53747475;-0.46545583;-0.6094937
1894;5;-0.5191684;-0.36581805;-0.6725187
1894;6;-0.583648;-0.52227247;-0.6450236
1894;7;-0.39212567;-0.20223442;-0.5820169
1894;8;-0.35357937;-0.22620651;-0.48095223
1894;9;-0.4396966;-0.30119658;-0.57819664
1894;10;-0.3990114;-0.3066777;-0.49134508
1894;11;-0.460066;-0.5488709;-0.37126103
1894;12;-0.551695;-0.6041762;-0.49921376
1895;1;-0.6359875;-0.8798431;-0.39213195
1895;2;-0.6417986;-0.8076843;-0.47591293
1895;3;-0.6178789;-0.7436899;-0.4920679
1895;4;-0.46109405;-0.35196024;-0.57022786
1895;5;-0.48253113;-0.40813455;-0.55692774
1895;6;-0.4253601;-0.44745427;-0.40326592
1895;7;-0.3349007;-0.24861944;-0.42118195
1895;8;-0.37724775;-0.40231666;-0.35217887
1895;9;-0.39428148;-0.1867561;-0.6018068
1895;10;-0.3257419;-0.18964405;-0.46183974
1895;11;-0.3213687;-0.31100214;-0.33173525
1895;12;-0.36682844;-0.36434433;-0.36931258
1896;1;-0.3152051;-0.3861514;-0.2442588
1896;2;-0.33662146;-0.37724712;-0.29599583
1896;3;-0.58836246;-0.8393337;-0.33739114
1896;4;-0.5460314;-0.7491095;-0.34295335
1896;5;-0.35611972;-0.30996716;-0.40227228
1896;6;-0.23009133;-0.05500548;-0.40517718
1896;7;-0.18243536;-0.11144068;-0.25343004
1896;8;-0.1715636;-0.11994889;-0.22317831
1896;9;-0.15527536;-0.004388452;-0.30616227
1896;10;-0.117941946;0.019859146;-0.25574303
1896;11;-0.31405124;-0.48643714;-0.14166532
1896;12;-0.094388485;-0.10211396;-0.08666301
1897;1;-0.3000984;-0.4459086;-0.15428814
1897;2;-0.3486073;-0.52639014;-0.17082445
1897;3;-0.41547;-0.68776107;-0.14317892
1897;4;-0.1176401;-0.11920842;-0.11607178
1897;5;-0.11408224;0.012422002;-0.24058647
1897;6;-0.1627357;-0.09163687;-0.23383453
1897;7;-0.18704693;-0.0016414104;-0.37245247
1897;8;-0.1854231;-0.07226654;-0.29857966
1897;9;-0.18626954;-0.045306627;-0.32723245
1897;10;-0.21232262;-0.10350382;-0.32114142
1897;11;-0.4227442;-0.4290413;-0.41644716
1897;12;-0.46516183;-0.5084823;-0.42184132
1898;1;-0.19924784;-0.06769952;-0.33079615
1898;2;-0.55612665;-0.63600945;-0.47624385
1898;3;-0.8427487;-1.1141034;-0.5713939
1898;4;-0.663013;-0.5475413;-0.7784846
1898;5;-0.55958927;-0.448151;-0.6710276
1898;6;-0.33471388;-0.22796665;-0.44146112
1898;7;-0.39475092;-0.20945679;-0.58004504
1898;8;-0.3894281;-0.27591485;-0.50294137
1898;9;-0.37076962;-0.27334177;-0.4681975
1898;10;-0.5009573;-0.4306339;-0.57128066
1898;11;-0.5286319;-0.5328811;-0.52438277
1898;12;-0.4895283;-0.40166444;-0.57739216
1899;1;-0.3598041;-0.29512647;-0.42448172
1899;2;-0.5540309;-0.72306037;-0.38500145
1899;3;-0.5889544;-0.84202415;-0.33588463
1899;4;-0.4393416;-0.40286276;-0.47582048
1899;5;-0.35891113;-0.3267358;-0.39108646
1899;6;-0.5010004;-0.50643593;-0.49556494
1899;7;-0.36553654;-0.24867797;-0.48239514
1899;8;-0.23979759;-0.1255624;-0.35403278
1899;9;-0.1515833;-0.06292363;-0.24024296
1899;10;-0.18313703;-0.041023515;-0.32525057
1899;11;-0.056940768;0.15044144;-0.26432297
1899;12;-0.466166;-0.5725506;-0.35978144
1900;1;-0.5065199;-0.73430234;-0.27873752
1900;2;-0.2028605;-0.34892833;-0.05679268
1900;3;-0.19967249;-0.09662934;-0.30271566
1900;4;-0.22413696;-0.20746636;-0.24080756
1900;5;-0.30258486;-0.19831046;-0.40685922
1900;6;-0.21710625;-0.10243576;-0.33177674
1900;7;-0.19088483;-0.15494375;-0.22682591
1900;8;-0.21078074;-0.13693541;-0.28462607
1900;9;-0.19568677;-0.10139063;-0.28998291
1900;10;-0.0647567;0.13408071;-0.2635941
1900;11;-0.26252335;-0.2925845;-0.23246221
1900;12;-0.23623504;-0.13492672;-0.33754337
36910;;-0.28059345;-0.3042925;-0.2568944
37275;;-0.26819772;-0.1836051;-0.35279036
37640;;-0.20081724;0.004872711;-0.4065072
38005;;-0.1753031;-0.0049375044;-0.3456687
38371;;-0.24934465;-0.25091678;-0.24777251
38736;;-0.23662645;-0.105092466;-0.36816043
39101;;-0.3289457;-0.1353996;-0.52249175
39466;;-0.2050631;-0.095128186;-0.314998
39832;;-0.35517338;-0.27667084;-0.43367594
40197;;-0.3407429;-0.33490625;-0.34657955
40562;;-0.39582872;-0.36808488;-0.4235726
40927;;-0.48450628;-0.52508813;-0.44392446
36941;;-0.43956748;-0.43259823;-0.44653675
37306;;-0.23221202;-0.12989393;-0.33453014
37671;;-0.47400042;-0.58027;-0.36773092
38036;;-0.4305058;-0.5339831;-0.3270285
38402;;-0.43023685;-0.5033838;-0.3570899
38767;;-0.44518706;-0.47142577;-0.41894835
39132;;-0.38915876;-0.37859228;-0.39972523
39497;;-0.42510903;-0.2980087;-0.5522093
39863;;-0.37280047;-0.3728565;-0.37274444
40228;;-0.5005036;-0.43806994;-0.56293726
40593;;-0.56261593;-0.6896879;-0.43554395
40958;;-0.565914;-0.69018584;-0.44164208
36969;;-0.4344225;-0.36895388;-0.49989107
37334;;-0.24027054;-0.07933483;-0.40120625
37699;;-0.39843398;-0.4132855;-0.38358247
38065;;-0.58799607;-0.56181455;-0.61417764
38430;;-0.5160877;-0.51621103;-0.5159644
38795;;-0.5476815;-0.5440294;-0.55133355
39160;;-0.5052094;-0.47425002;-0.5361687
39526;;-0.60140806;-0.5870838;-0.6157324
39891;;-0.55975336;-0.53406626;-0.58544046
40256;;-0.66481555;-0.5955117;-0.7341194
40621;;-0.62978834;-0.63628054;-0.62329614
40987;;-0.71404976;-0.75067073;-0.6774287
37000;;-0.806605;-0.91600144;-0.6972085
37365;;-0.769914;-0.8534349;-0.6863931
37730;;-0.6964779;-0.73048705;-0.6624687
38096;;-0.6468306;-0.6603351;-0.6333262
38461;;-0.6093934;-0.54975367;-0.66903317
38826;;-0.5641545;-0.48994124;-0.6383678
39191;;-0.5530446;-0.55007726;-0.556012
39557;;-0.4784086;-0.4240196;-0.5327976
39922;;-0.59661376;-0.6246218;-0.5686057
40287;;-0.55304295;-0.44195327;-0.66413265
40652;;-0.39660597;-0.2470072;-0.54620475
41018;;-0.49964583;-0.4526103;-0.54668134
37030;;-0.46341595;-0.48448855;-0.44234335
37395;;-0.72016865;-0.9236386;-0.5166987
37760;;-0.52405393;-0.60753894;-0.44056895
38126;;-0.5589943;-0.62900454;-0.48898408
38491;;-0.43423653;-0.44619566;-0.42227742
38856;;-0.34258264;-0.33892396;-0.3462413
39221;;-0.37310305;-0.2586981;-0.48750797
39587;;-0.30447677;-0.2758239;-0.3331296
39952;;-0.34519514;-0.2508607;-0.43952963
40317;;-0.3351493;-0.28452718;-0.3857714
40682;;-0.21728525;-0.068799235;-0.36577126
41048;;-0.27435452;-0.2722667;-0.27644235
37061;;-0.29668435;-0.41944307;-0.17392562
37426;;-0.3885811;-0.61114526;-0.16601694
37791;;-0.289529;-0.28424022;-0.29481778
38157;;-0.10402012;-0.012164957;-0.19587529
38522;;-0.3765242;-0.32370687;-0.42934155
38887;;-0.23253845;-0.05779773;-0.40727916
39252;;-0.34295923;-0.31084433;-0.37507415
39618;;-0.27118164;-0.115285814;-0.42707744
39983;;-0.35302594;-0.18864474;-0.5174071
40348;;-0.32229662;-0.1481294;-0.49646384
40713;;-0.53179437;-0.5091703;-0.5544185
41079;;-0.32053673;-0.14354075;-0.49753273
37091;;-0.52930236;-0.6721992;-0.3864056
37456;;-0.6185913;-0.7670042;-0.47017848
37821;;-0.43793064;-0.5576442;-0.3182171
38187;;-0.4779983;-0.538908;-0.41708857
38552;;-0.6450355;-0.73459274;-0.55547833
38917;;-0.5440585;-0.58298635;-0.5051307
39282;;-0.42508972;-0.40461612;-0.44556332
39648;;-0.4910157;-0.46132624;-0.52070516
40013;;-0.3986793;-0.3677273;-0.4296313
40378;;-0.33594123;-0.17495799;-0.4969245
40743;;-0.55637306;-0.590631;-0.5221151
41109;;-0.58987683;-0.5876576;-0.59209615
37122;;-0.46647665;-0.47847405;-0.45447925
37487;;-0.4139059;-0.40765816;-0.42015362
37852;;-0.7040725;-0.89683276;-0.5113122
38218;;-0.5884082;-0.5686102;-0.6082061
38583;;-0.45306396;-0.3736216;-0.5325063
38948;;-0.41279954;-0.28017613;-0.545423
39313;;-0.40103948;-0.31864238;-0.48343658
39679;;-0.48125657;-0.40407678;-0.5584364
40044;;-0.3872215;-0.2518424;-0.52260053
40409;;-0.5747282;-0.40369207;-0.7457644
40774;;-0.6453218;-0.69319916;-0.5974444
41140;;-0.63815445;-0.6570946;-0.61921424
37153;;-0.7629406;-0.89100915;-0.6348721
37518;;-0.53553337;-0.5007066;-0.57036006
37883;;-0.6521415;-0.7526684;-0.5516147
38249;;-0.63281554;-0.6725836;-0.5930475
38614;;-0.5918205;-0.5537042;-0.62993675
38979;;-0.50006735;-0.44361806;-0.5565167
39344;;-0.5237631;-0.4087914;-0.6387349
39710;;-0.3369181;-0.29471737;-0.3791188
40075;;-0.4156719;-0.3217267;-0.5096171
40440;;-0.49451607;-0.36914983;-0.61988235
40805;;-0.38665202;-0.18915938;-0.58414465
41171;;-0.59633845;-0.52685136;-0.66582555
37183;;-0.4327842;-0.3770475;-0.48852092
37548;;-0.5290626;-0.4613577;-0.5967676
37913;;-0.6189373;-0.6138904;-0.6239842
38279;;-0.5349184;-0.5306561;-0.53918076
38644;;-0.5368389;-0.46582326;-0.6078545
39009;;-0.5593434;-0.5560167;-0.5626701
39374;;-0.43475804;-0.38041604;-0.4891
39740;;-0.38878688;-0.33349878;-0.44407502
40105;;-0.4229382;-0.36344504;-0.48243132
40470;;-0.48481956;-0.34769887;-0.62194026
40835;;-0.672429;-0.6439897;-0.7008684
41201;;-0.7566741;-0.8231344;-0.6902138
37214;;-0.66804653;-0.7242127;-0.6118803
37579;;-0.70603365;-0.70028394;-0.71178335
37944;;-0.7639851;-0.748044;-0.7799262
38310;;-0.64364564;-0.5179154;-0.7693758
38675;;-0.6272078;-0.50813353;-0.74628216
39040;;-0.55432284;-0.34261945;-0.7660262
39405;;-0.49260998;-0.34798717;-0.6372328
39771;;-0.5064451;-0.3864432;-0.626447
40136;;-0.4982411;-0.31796294;-0.67851925
40501;;-0.34511527;-0.19863035;-0.49160022
40866;;-0.34931326;-0.26921624;-0.42941028
41232;;-0.315495;-0.37629953;-0.2546905
37244;;-0.32940087;-0.43979308;-0.21900862
37609;;-0.31491742;-0.27676418;-0.35307062
37974;;-0.5543457;-0.7919871;-0.31670436
38340;;-0.33788237;-0.33548695;-0.3402778
38705;;-0.3352509;-0.27055806;-0.39994377
39070;;-0.28508794;-0.11894968;-0.45122617
39435;;-0.50730854;-0.52021694;-0.49440014
39801;;-0.57247293;-0.66109616;-0.48384964
40166;;-0.6437677;-0.7647993;-0.52273613
40531;;-0.6791174;-0.84506965;-0.5131651
40896;;-0.55792326;-0.60488194;-0.5109646
41262;;-0.59060127;-0.7337713;-0.44743118
1913;1;-0.5636491;-0.6399753;-0.48732287
1913;2;-0.55008626;-0.758644;-0.3415285
1913;3;-0.60579985;-0.7009673;-0.51063234
1913;4;-0.5340449;-0.57504386;-0.49304596
1913;5;-0.54116863;-0.620256;-0.46208125
1913;6;-0.5514844;-0.5791032;-0.5238656
1913;7;-0.47697932;-0.54541653;-0.4085421
1913;8;-0.39560005;-0.36683443;-0.42436567
1913;9;-0.41690665;-0.39800885;-0.43580446
1913;10;-0.43836418;-0.43806994;-0.43865842
1913;11;-0.36772293;-0.3053469;-0.43009895
1913;12;-0.16402407;-0.008632816;-0.31941533
1914;1;-0.078474745;0.11008874;-0.26703823
1914;2;-0.27010897;-0.24722534;-0.29299262
1914;3;-0.39748344;-0.5356197;-0.25934717
1914;4;-0.4089052;-0.4934791;-0.32433128
1914;5;-0.30789974;-0.27627283;-0.33952665
1914;6;-0.30798316;-0.2763912;-0.33957514
1914;7;-0.2969515;-0.3071663;-0.28673667
1914;8;-0.24459992;-0.24420609;-0.24499378
1914;9;-0.30140656;-0.27795318;-0.32485995
1914;10;-0.110274434;-0.08796897;-0.13257991
1914;11;-0.19029672;-0.33898005;-0.041613393
1914;12;-0.23672462;-0.2540065;-0.21944271
1915;1;-0.28745866;-0.30727035;-0.26764694
1915;2;-0.22042616;-0.24222302;-0.19862929
1915;3;-0.19399805;-0.31809545;-0.06990068
1915;4;-0.082622275;-0.037053667;-0.12819089
1915;5;-0.16808057;-0.07826317;-0.25789794
1915;6;-0.17210917;-0.094031766;-0.25018656
1915;7;-0.16903177;-0.14179233;-0.1962712
1915;8;-0.06681827;-0.013659623;-0.11997691
1915;9;-0.120297745;-0.13015147;-0.110444024
1915;10;-0.28610688;-0.34701893;-0.22519486
1915;11;-0.17281866;-0.07613772;-0.2694996
1915;12;-0.3623588;-0.32059973;-0.40411785
1916;1;-0.33786005;-0.31224802;-0.36347207
1916;2;-0.26403636;-0.30398837;-0.22408436
1916;3;-0.43909237;-0.5823573;-0.29582745
1916;4;-0.37517795;-0.40547162;-0.34488428
1916;5;-0.41811523;-0.38926739;-0.44696304
1916;6;-0.49483928;-0.45315877;-0.5365198
1916;7;-0.38488427;-0.2217005;-0.54806805
1916;8;-0.29676017;-0.29755157;-0.29596877
1916;9;-0.3218673;-0.3984298;-0.24530475
1916;10;-0.3744158;-0.38130566;-0.367526
1916;11;-0.5142024;-0.5046044;-0.5238005
1916;12;-0.8212685;-1.0717373;-0.5707997
1917;1;-0.6892141;-0.6634318;-0.71499646
1917;2;-0.715982;-0.779132;-0.65283203
1917;3;-0.78429514;-0.86776924;-0.70082104
1917;4;-0.5461108;-0.556114;-0.5361076
1917;5;-0.6442835;-0.7142609;-0.5743061
1917;6;-0.47886908;-0.48835853;-0.46937963
1917;7;-0.24527456;-0.25786287;-0.23268624
1917;8;-0.33282208;-0.2675892;-0.39805496
1917;9;-0.2979707;-0.281463;-0.31447846
1917;10;-0.53561026;-0.6719865;-0.39923397
1917;11;-0.45924768;-0.40417498;-0.51432043
1917;12;-0.7865544;-1.0621428;-0.51096594
1918;1;-0.5179739;-0.5879851;-0.44796267
1918;2;-0.67216516;-0.64447147;-0.69985884
1918;3;-0.57906806;-0.54970425;-0.6084319
1918;4;-0.6234592;-0.6462629;-0.60065556
1918;5;-0.5252177;-0.60898423;-0.4414512
1918;6;-0.38651752;-0.52874696;-0.24428809
1918;7;-0.36958522;-0.3561029;-0.3830675
1918;8;-0.42982036;-0.350424;-0.5092167
1918;9;-0.25825897;-0.22693962;-0.28957835
1918;10;-0.11888721;-0.118108906;-0.11966551
1918;11;-0.18980259;-0.36293024;-0.016674941
1918;12;-0.42425612;-0.65173995;-0.19677223
1919;1;-0.25126135;-0.38216218;-0.1203605
1919;2;-0.24207273;-0.41345322;-0.07069224
1919;3;-0.39209825;-0.6424187;-0.14177781
1919;4;-0.21141803;-0.27184728;-0.15098879
1919;5;-0.30793867;-0.4303932;-0.18548416
1919;6;-0.35769194;-0.40892488;-0.30645904
1919;7;-0.29989257;-0.26654476;-0.3332404
1919;8;-0.2381391;-0.1435235;-0.33275467
1919;9;-0.28606114;-0.18649326;-0.38562903
1919;10;-0.25880492;-0.1293784;-0.38823146
1919;11;-0.5575256;-0.5698108;-0.54524034
1919;12;-0.5033144;-0.6224153;-0.3842134
1920;1;-0.25863704;-0.19426198;-0.32301208
1920;2;-0.545883;-0.47312734;-0.6186387
1920;3;-0.17207259;-0.17688377;-0.1672614
1920;4;-0.33658424;-0.32169032;-0.3514782
1920;5;-0.25627613;-0.25485164;-0.25770062
1920;6;-0.23811027;-0.23762949;-0.23859106
1920;7;-0.30046934;-0.2024098;-0.3985289
1920;8;-0.22659715;-0.18877068;-0.2644236
1920;9;-0.1964555;-0.28215855;-0.11075244
1920;10;-0.21776049;-0.2737088;-0.16181217
1920;11;-0.3456471;-0.4738676;-0.2174266
1920;12;-0.4884766;-0.6304471;-0.34650606
1921;1;-0.21760732;-0.06392149;-0.37129313
1921;2;-0.29521245;-0.17714113;-0.41328377
1921;3;-0.34263408;-0.3484278;-0.3368404
1921;4;-0.29096943;-0.13949387;-0.44244498
1921;5;-0.30159548;-0.2741803;-0.32901067
1921;6;-0.15440017;-0.09738916;-0.21141118
1921;7;-0.15540703;0.002697617;-0.31351167
1921;8;-0.32134694;-0.20236273;-0.44033113
1921;9;-0.20710628;-0.14740375;-0.2668088
1921;10;-0.13444184;-0.078703925;-0.19017977
1921;11;-0.19592439;-0.20027107;-0.1915777
1921;12;-0.27147904;-0.23253351;-0.31042454
1922;1;-0.419077;-0.43942034;-0.3987337
1922;2;-0.40880406;-0.5630107;-0.25459743
1922;3;-0.344148;-0.2947253;-0.39357072
1922;4;-0.29111138;-0.24807368;-0.3341491
1922;5;-0.46964964;-0.30781627;-0.631483
1922;6;-0.29270366;-0.19812185;-0.38728544
1922;7;-0.2590808;-0.21186717;-0.30629444
1922;8;-0.355893;-0.336051;-0.375735
1922;9;-0.32432133;-0.3598316;-0.2888111
1922;10;-0.34514487;-0.28303888;-0.40725088
1922;11;-0.25539744;-0.18002033;-0.33077455
1922;12;-0.30540624;-0.20893125;-0.40188125
1923;1;-0.40372258;-0.32598123;-0.48146394
1923;2;-0.4944323;-0.5880987;-0.4007659
1923;3;-0.45562357;-0.55519146;-0.35605568
1923;4;-0.41038665;-0.59360355;-0.22716978
1923;5;-0.4038749;-0.3780664;-0.42968342
1923;6;-0.25269112;-0.21515153;-0.29023066
1923;7;-0.41963744;-0.28292054;-0.55635434
1923;8;-0.32384917;-0.2043232;-0.44337514
1923;9;-0.34093276;-0.17028816;-0.51157737
1923;10;-0.1764545;0.08472083;-0.43762982
1923;11;-0.03351226;0.15825856;-0.22528307
1923;12;-0.10004945;0.0069002234;-0.20699912
1924;1;-0.32711104;-0.36421558;-0.29000652
1924;2;-0.31528232;-0.22926523;-0.4012994
1924;3;-0.17595449;-0.028360667;-0.32354832
1924;4;-0.34247932;-0.313323;-0.37163565
1924;5;-0.21757317;-0.12413243;-0.3110139
1924;6;-0.27555224;-0.18583615;-0.36526832
1924;7;-0.29391536;-0.18018357;-0.40764716
1924;8;-0.3172419;-0.16073376;-0.47375003
1924;9;-0.33069578;-0.1738457;-0.4875459
1924;10;-0.36585054;-0.18749855;-0.5442025
1924;11;-0.2907367;0.026897496;-0.60837096
1924;12;-0.49235374;-0.39179623;-0.59291124
1925;1;-0.49163565;-0.39695376;-0.58631754
1925;2;-0.48531267;-0.4917254;-0.47889996
1925;3;-0.37375176;-0.32308963;-0.42441386
1925;4;-0.30694255;-0.20437148;-0.40951362
1925;5;-0.3056574;-0.25124696;-0.3600678
1925;6;-0.33413643;-0.2635694;-0.4047034
1925;7;-0.33086437;-0.2106433;-0.45108545
1925;8;-0.16828516;-0.106227905;-0.23034243
1925;9;-0.25893372;0.015399805;-0.5332672
1925;10;-0.28853402;-0.08531452;-0.49175355
1925;11;-0.059098415;0.09372037;-0.2119172
1925;12;0.014048895;0.20131834;-0.17322056
1926;1;0.08253241;0.3894738;-0.22440897
1926;2;-0.035031483;0.116744086;-0.18680705
1926;3;0.023573108;0.13096148;-0.08381526
1926;4;-0.1579929;-0.1655974;-0.1503884
1926;5;-0.27003446;-0.20570293;-0.33436602
1926;6;-0.18281585;-0.13484584;-0.23078585
1926;7;-0.2084477;-0.09369968;-0.3231957
1926;8;-0.10001693;0.020893207;-0.22092706
1926;9;-0.11788381;0.032610156;-0.26837778
1926;10;-0.06996329;0.10830125;-0.24822783
1926;11;-0.115788996;0.06259415;-0.29417214
1926;12;-0.32215574;-0.28511003;-0.3592015
1927;1;-0.31123906;-0.31331807;-0.30916002
1927;2;-0.21210012;-0.10962871;-0.31457156
1927;3;-0.41895348;-0.44727737;-0.3906296
1927;4;-0.3145047;-0.26760682;-0.3614026
1927;5;-0.23004514;-0.087041914;-0.37304837
1927;6;-0.24831119;-0.10677094;-0.38985145
1927;7;-0.20484532;-0.05221735;-0.3574733
1927;8;-0.21330415;-0.03402716;-0.3925811
1927;9;-0.11964897;0.07768797;-0.3169859
1927;10;-0.02967228;0.27367684;-0.3330214
1927;11;-0.12667355;0.118036345;-0.37138343
1927;12;-0.32356292;-0.33369222;-0.31343362
1928;1;-0.017104585;0.17268373;-0.20689291
1928;2;-0.124669254;0.040005907;-0.2893444
1928;3;-0.3195826;-0.27107957;-0.36808562
1928;4;-0.23520902;-0.21732086;-0.25309718
1928;5;-0.3014689;-0.15386459;-0.44907326
1928;6;-0.32672966;-0.24067377;-0.41278556
1928;7;-0.1883196;-0.08130364;-0.29533556
1928;8;-0.17851628;-0.0996819;-0.25735065
1928;9;-0.20668688;-0.073538974;-0.33983478
1928;10;-0.1840448;-0.02920633;-0.33888325
1928;11;-0.17209516;-0.04014163;-0.30404872
1928;12;-0.22671194;-0.054842763;-0.39858112
1929;1;-0.4364513;-0.5307706;-0.34213197
1929;2;-0.6036853;-0.7087213;-0.49864933
1929;3;-0.48715258;-0.37085444;-0.6034507
1929;4;-0.4373352;-0.3363319;-0.5383385
1929;5;-0.4345294;-0.3173718;-0.55168694
1929;6;-0.40885338;-0.36276853;-0.4549382
1929;7;-0.4396209;-0.34657067;-0.5326712
1929;8;-0.2663079;-0.08505958;-0.44755623
1929;9;-0.27733904;-0.14628164;-0.40839645
1929;10;-0.22126578;-0.035945673;-0.40658587
1929;11;-0.14017749;-0.114883706;-0.16547126
1929;12;-0.5603613;-0.68356204;-0.4371606
1930;1;-0.3631465;-0.1964553;-0.5298377
1930;2;-0.35584554;-0.25647807;-0.45521304
1930;3;-0.24732758;-0.061793726;-0.43286145
1930;4;-0.23128887;-0.15929933;-0.3032784
1930;5;-0.25067642;-0.2003156;-0.30103728
1930;6;-0.20374553;-0.1328554;-0.27463564
1930;7;-0.1882644;0.017515672;-0.39404446
1930;8;-0.09765256;0.10969681;-0.30500194
1930;9;-0.092231415;0.056751642;-0.24121447
1930;10;-0.090577535;0.07059294;-0.25174803
1930;11;0.06376379;0.32419646;-0.19666888
1930;12;-0.06467221;0.0682972;-0.19764163
1931;1;-0.13693942;-0.05831195;-0.21556689
1931;2;-0.2586906;-0.35695213;-0.16042906
1931;3;-0.10919364;-0.04629393;-0.17209335
1931;4;-0.17070459;-0.12262683;-0.21878235
1931;5;-0.19289996;-0.099138476;-0.28666145
1931;6;-0.02544678;0.17753555;-0.22842911
1931;7;-0.008178203;0.14672643;-0.16308284
1931;8;-0.026662722;0.17012236;-0.2234478
1931;9;-0.051968556;0.19920143;-0.30313855
1931;10;-0.026985472;0.31553203;-0.369503
1931;11;-0.13579522;0.12258605;-0.3941765
1931;12;-0.09730702;0.10197306;-0.29658708
1932;1;0.07975415;0.31846324;-0.15895495
1932;2;-0.17805362;-0.18924165;-0.16686557
1932;3;-0.1947655;-0.2402145;-0.14931649
1932;4;-0.061219946;0.11558393;-0.23802382
1932;5;-0.15982142;-0.07817524;-0.24146761
1932;6;-0.25541136;-0.09182305;-0.41899964
1932;7;-0.12971984;-0.050708167;-0.20873152
1932;8;-0.18982057;-0.030545013;-0.34909612
1932;9;-0.00055066624;0.16448085;-0.1655822
1932;10;-0.09439127;0.12658376;-0.3153663
1932;11;-0.29486138;-0.29791364;-0.29180908
1932;12;-0.26667866;-0.19569236;-0.337665
1933;1;-0.31109115;-0.2919296;-0.3302527
1933;2;-0.35099408;-0.34089893;-0.3610892
1933;3;-0.3851551;-0.39787996;-0.37243026
1933;4;-0.28470516;-0.18426895;-0.38514137
1933;5;-0.2769364;-0.246329;-0.3075438
1933;6;-0.32360965;-0.33210903;-0.31511027
1933;7;-0.2903949;-0.1164173;-0.4643725
1933;8;-0.15375972;-0.047221884;-0.26029757
1933;9;-0.32664743;-0.2648321;-0.38846275
1933;10;-0.245828;-0.16638178;-0.32527423
1933;11;-0.40483868;-0.30088398;-0.5087934
1933;12;-0.5141726;-0.49146402;-0.5368812
1934;1;-0.32326755;-0.249119;-0.39741609
1934;2;-0.1451731;0.25397363;-0.54431987
1934;3;-0.4310569;-0.4556739;-0.4064399
1934;4;-0.37176266;-0.3549096;-0.3886157
1934;5;-0.14018929;-0.025263734;-0.25511482
1934;6;-0.09232751;-0.04858368;-0.13607134
1934;7;-0.17809097;-0.08122124;-0.2749607
1934;8;-0.11440116;-0.073556505;-0.15524583
1934;9;-0.13450967;-0.084018484;-0.18500087
1934;10;-0.08177011;0.10832233;-0.27186254
1934;11;0.031826723;0.28960276;-0.2259493
1934;12;-0.111320004;0.079616085;-0.30225608
1935;1;-0.3479727;-0.41817677;-0.2777686
1935;2;0.04972145;0.47177544;-0.37233254
1935;3;-0.21446298;-0.019687023;-0.40923893
1935;4;-0.3228376;-0.2884077;-0.3572675
1935;5;-0.31434223;-0.26632637;-0.3623581
1935;6;-0.2092866;-0.10282081;-0.3157524
1935;7;-0.14094204;9.540513e-05;-0.28197947
1935;8;-0.14877552;0.021768915;-0.31931993
1935;9;-0.19052882;-0.056034584;-0.32502308
1935;10;-0.055213235;0.14046246;-0.2508889
1935;11;-0.32153568;-0.34283808;-0.3002333
1935;12;-0.25653476;-0.1784178;-0.3346517
1936;1;-0.39848116;-0.38863906;-0.40832326
1936;2;-0.34311983;-0.44108996;-0.24514973
1936;3;-0.32916442;-0.25631726;-0.4020116
1936;4;-0.1883213;-0.059259813;-0.31738278
1936;5;-0.17232911;-0.03482247;-0.30983576
1936;6;-0.14899857;0.020888459;-0.3188856
1936;7;-0.06987007;0.080999695;-0.22073984
1936;8;-0.07327964;0.07680478;-0.22336406
1936;9;-0.108766146;0.060078185;-0.27761048
1936;10;-0.041382577;0.028555218;-0.11132038
1936;11;-0.054110777;0.11170826;-0.21992981
1936;12;-0.10642759;0.06914813;-0.2820033
1937;1;-0.12685171;-0.003999379;-0.24970403
1937;2;0.066486835;0.23497805;-0.10200438
1937;3;-0.26192847;-0.2642879;-0.25956908
1937;4;-0.121213466;-0.051782064;-0.19064486
1937;5;-0.091207266;0.09764123;-0.28005576
1937;6;-0.008428331;0.15220273;-0.16905938
1937;7;0.019690081;0.13647892;-0.09709875
1937;8;0.036828596;0.17630285;-0.10264566
1937;9;0.14490855;0.32486448;-0.0350474
1937;10;0.12801065;0.3489342;-0.0929129
1937;11;0.061703082;0.25132713;-0.12792096
1937;12;-0.0783857;0.058533777;-0.2153052
1938;1;0.04551444;0.28828153;-0.19725266
1938;2;-0.009824214;0.24384277;-0.26349118
1938;3;-0.015279184;0.14453745;-0.17509581
1938;4;0.04000326;0.2772141;-0.19720758
1938;5;-0.09591497;0.024044802;-0.21587473
1938;6;-0.09364482;-0.045477647;-0.141812
1938;7;-0.04622565;0.060158905;-0.1526102
1938;8;-0.0028444168;0.1442447;-0.14993355
1938;9;0.01991738;0.21196349;-0.17212872
1938;10;0.16282216;0.33956033;-0.013916001
1938;11;0.054737236;0.33094475;-0.22147027
1938;12;-0.20567;-0.105457686;-0.30588233
1939;1;-0.121787794;-0.075451665;-0.16812392
1939;2;-0.117604576;-0.065673225;-0.16953593
1939;3;-0.28873166;-0.34457612;-0.23288722
1939;4;-0.106402785;-0.07363731;-0.13916826
1939;5;-0.03005215;0.005571364;-0.06567566
1939;6;0.014760026;-0.00694977;0.03646982
1939;7;-0.037748978;0.019261912;-0.09475987
1939;8;-0.04066755;0.10336092;-0.18469602
1939;9;-0.017160367;0.14254391;-0.17686465
1939;10;-0.09934573;0.028429309;-0.22712077
1939;11;0.021302136;0.19936414;-0.15675987
1939;12;0.33387345;0.70845085;-0.04070396
1940;1;-0.052654818;-0.03046828;-0.07484136
1940;2;0.08632718;0.10644872;0.06620564
1940;3;-0.035766255;-0.047970474;-0.023562038
1940;4;0.14895241;0.25403798;0.04386682
1940;5;0.0502412;0.09914154;0.0013408547
1940;6;0.044663727;0.05352551;0.035801947
1940;7;0.1482532;0.11284537;0.18366104
1940;8;0.09961082;0.08495733;0.11426431
1940;9;0.13118677;0.19145083;0.07092269
1940;10;0.09584135;0.23930253;-0.04761983
1940;11;-0.0046561854;0.16295661;-0.17226897
1940;12;0.19923072;0.23754205;0.16091937
1941;1;-0.039560955;0.0032650242;-0.08238693
1941;2;0.11823889;0.2620466;-0.025568832
1941;3;-0.11652528;-0.106508516;-0.12654205
1941;4;0.036228664;0.008196042;0.06426128
1941;5;0.06123504;0.07960715;0.042862926
1941;6;0.0596246;0.095027;0.024222206
1941;7;0.16075781;0.16132008;0.16019554
1941;8;0.039676894;0.09678119;-0.017427396
1941;9;-0.14452067;0.020680273;-0.30972162
1941;10;0.21426645;0.33537623;0.093156666
1941;11;-0.007257905;-0.046008512;0.031492703
1941;12;0.07538852;-0.0038987568;0.1546758
1942;1;0.25783694;0.3141524;0.20152147
1942;2;0.016801072;-0.03238231;0.06598445
1942;3;-0.041579403;-0.11492947;0.031770658
1942;4;-0.015153615;0.021512099;-0.05181933
1942;5;0.12379065;0.12116406;0.12641723
1942;6;0.030325836;0.079023056;-0.018371388
1942;7;-0.059752498;0.0015614277;-0.12106642
1942;8;-0.05740612;-0.09897274;-0.0158395
1942;9;-0.013465349;0.07196941;-0.09890011
1942;10;-0.08694347;0.14880717;-0.32269412
1942;11;-0.057510037;0.13933751;-0.25435758
1942;12;-0.080070905;0.07045127;-0.23059309
1943;1;-0.18267323;-0.25780198;-0.10754451
1943;2;-0.03061434;0.1733311;-0.23455977
1943;3;-0.16772735;-0.14390841;-0.19154629
1943;4;0.022969417;0.21714744;-0.1712086
1943;5;0.03550913;0.19206432;-0.121046044
1943;6;-0.07487101;-0.110338226;-0.0394038
1943;7;0.018335527;0.033313878;0.0033571743
1943;8;0.031610876;0.13493499;-0.07171325
1943;9;-0.013441508;0.110250354;-0.13713337
1943;10;0.2277136;0.40353063;0.05189656
1943;11;0.10388872;0.29515302;-0.087375574
1943;12;0.10626907;0.30187157;-0.089333445
1944;1;0.31816214;0.5753568;0.06096751
1944;2;0.11862034;0.3017028;-0.064462095
1944;3;0.12006746;0.20616841;0.0339665
1944;4;0.04225588;0.09117896;-0.0066672056
1944;5;0.119925626;0.22225355;0.017597707
1944;6;0.10735916;0.09436879;0.12034954
1944;7;0.14871696;0.10502169;0.19241221
1944;8;0.20666182;0.1587222;0.25460142
1944;9;0.16769068;0.26591882;0.06946254
1944;10;0.20805594;0.39956823;0.016543668
1944;11;0.08847658;0.16427743;0.0126757305
1944;12;0.083269;0.056246344;0.11029166
1945;1;0.09508047;0.15514912;0.03501184
1945;2;0.04839935;-0.06453615;0.16133484
1945;3;0.03865824;-0.018251874;0.09556835
1945;4;0.20985286;0.24830645;0.17139928
1945;5;-0.061685707;0.045696758;-0.16906817
1945;6;-0.03652022;0.09190763;-0.16494806
1945;7;0.00042324737;0.038230967;-0.037384473
1945;8;0.2362124;0.24949756;0.22292726
1945;9;0.1028386;0.15050481;0.055172384
1945;10;0.094233386;0.25290745;-0.06444069
1945;11;-0.010639086;0.089150704;-0.11042888
1945;12;-0.19979319;-0.23614936;-0.16343701
1946;1;0.046495322;0.23062593;-0.13763528
1946;2;-0.11574643;0.026414445;-0.2579073
1946;3;-0.1215551;-0.053022727;-0.19008747
1946;4;-0.001070216;0.19049953;-0.19263996
1946;5;-0.082718804;0.0035978488;-0.16903545
1946;6;-0.27002892;-0.12749839;-0.41255945
1946;7;-0.109389625;-0.06411308;-0.15466617
1946;8;-0.15412526;-0.045909148;-0.26234138
1946;9;-0.09819822;-0.045207676;-0.15118878
1946;10;-0.06812635;0.030715508;-0.16696821
1946;11;-0.10808773;0.09686979;-0.31304526
1946;12;-0.34320223;-0.3806604;-0.30574405
1947;1;-0.15051101;-0.111578085;-0.18944393
1947;2;-0.14106397;0.018654551;-0.30078247
1947;3;-0.07618291;0.16684653;-0.31921235
1947;4;-0.054869834;0.092697956;-0.20243762
1947;5;-0.07080105;-0.05636257;-0.08523954
1947;6;-0.092732966;-0.08636808;-0.09909786
1947;7;-0.06481824;-0.0272339;-0.102402575
1947;8;-0.11288264;-0.04030727;-0.185458
1947;9;-0.16043018;0.0037595506;-0.32461992
1947;10;0.033811674;0.37540257;-0.30777922
1947;11;0.02912334;0.24870333;-0.19045666
1947;12;-0.23310879;-0.053701952;-0.4125156
1948;1;-0.01899665;0.26971364;-0.30770695
1948;2;-0.23857601;-0.18207137;-0.29508063
1948;3;-0.28302348;-0.2963157;-0.26973122
1948;4;-0.114602394;0.022253124;-0.25145793
1948;5;0.057578247;0.19835478;-0.083198294
1948;6;-0.008215971;0.11297954;-0.12941149
1948;7;-0.12959683;0.027849043;-0.2870427
1948;8;-0.047574744;0.118045725;-0.21319522
1948;9;-0.13380374;0.009057421;-0.2766649
1948;10;-0.05680375;0.10915943;-0.22276694
1948;11;-0.17333214;0.029728103;-0.3763924
1948;12;-0.3489878;-0.4280989;-0.26987666
1949;1;-0.018578093;0.16792051;-0.2050767
1949;2;-0.24225992;-0.20703387;-0.27748597
1949;3;-0.10957818;-0.030876355;-0.18828
1949;4;-0.14671299;-0.04497378;-0.24845219
1949;5;-0.11125475;-0.039198913;-0.18331058
1949;6;-0.23316567;-0.20636444;-0.2599669
1949;7;-0.18007946;-0.20347951;-0.1566794
1949;8;-0.07750365;0.020327337;-0.17533465
1949;9;-0.123270296;-0.12533258;-0.12120802
1949;10;-0.08973549;0.078177504;-0.2576485
1949;11;-0.1810419;-0.04578051;-0.31630328
1949;12;-0.21244651;-0.17353243;-0.2513606
1950;1;-0.30004355;-0.36006084;-0.24002625
1950;2;-0.37003636;-0.37136877;-0.36870396
1950;3;-0.21643834;-0.09057768;-0.34229898
1950;4;-0.24361573;-0.22750072;-0.25973073
1950;5;-0.13729778;-0.06785309;-0.20674245
1950;6;-0.105043374;-0.10931291;-0.10077383
1950;7;-0.10670231;-0.20948543;-0.0039192005
1950;8;-0.15261763;-0.17434889;-0.13088636
1950;9;-0.24503586;-0.14949347;-0.34057826
1950;10;-0.20104446;-0.10558482;-0.2965041
1950;11;-0.38081577;-0.334326;-0.42730555
1950;12;-0.26077038;-0.09079926;-0.43074152
1951;1;-0.36034262;-0.35499218;-0.36569306
1951;2;-0.5093785;-0.57827276;-0.44048426
1951;3;-0.2620192;-0.22074232;-0.30329603
1951;4;-0.1080777;0.050094645;-0.26625004
1951;5;0.032269213;0.16177906;-0.09724064
1951;6;0.060181145;0.07206356;0.048298735
1951;7;0.03866412;0.12974599;-0.05241774
1951;8;0.12133113;0.27789754;-0.03523529
1951;9;0.13226272;0.35770473;-0.09317927
1951;10;0.12436143;0.32932627;-0.08060341
1951;11;-0.07229671;0.06989918;-0.21449259
1951;12;0.0691973;0.3516863;-0.21329172
1952;1;0.09402644;0.16347295;0.024579925
1952;2;0.068350874;0.13050744;0.0061943196
1952;3;-0.16353902;-0.27452093;-0.052557096
1952;4;0.04558809;0.15061432;-0.05943813
1952;5;0.022243695;0.18093823;-0.13645084
1952;6;0.023484357;0.16961494;-0.122646235
1952;7;0.09006012;0.14283167;0.037288573
1952;8;0.096942395;0.1062041;0.08768068
1952;9;0.09621102;0.18749179;0.004930267
1952;10;-0.016534438;0.028179133;-0.06124801
1952;11;-0.13228506;-0.19335753;-0.071212575
1952;12;-0.04029371;0.045832757;-0.12642018
1953;1;-0.009005178;0.17285328;-0.19086364
1953;2;0.09501191;0.288495;-0.09847119
1953;3;0.018006958;0.16260996;-0.12659605
1953;4;0.22455436;0.45976332;-0.010654596
1953;5;0.14901619;0.2645163;0.033516075
1953;6;0.1404282;0.19804609;0.082810305
1953;7;0.043144584;0.18767226;-0.1013831
1953;8;0.08707856;0.17725365;-0.0030965365
1953;9;0.08630111;0.15020545;0.022396773
1953;10;0.08342033;0.22279747;-0.0559568
1953;11;-0.0058099576;0.06827929;-0.07989921
1953;12;0.01942187;0.1264571;-0.08761335
1954;1;-0.2434586;-0.28311378;-0.20380343
1954;2;-0.089074455;-0.036179278;-0.14196964
1954;3;-0.18339783;-0.22999787;-0.13679777
1954;4;-0.11477188;-0.016633317;-0.21291044
1954;5;-0.17059736;-0.096462145;-0.24473259
1954;6;-0.1296339;-0.022643808;-0.23662402
1954;7;-0.19616233;-0.105468184;-0.28685647
1954;8;-0.10182279;0.016728718;-0.2203743
1954;9;-0.11330111;0.05742236;-0.2840246
1954;10;-0.011538466;0.14147925;-0.16455619
1954;11;0.11638409;0.29790404;-0.065135874
1954;12;-0.16362791;-0.09644878;-0.23080704
1955;1;0.10597788;0.38796863;-0.17601289
1955;2;-0.19271314;-0.20210111;-0.18332519
1955;3;-0.3963696;-0.54105735;-0.25168186
1955;4;-0.22909744;-0.20537794;-0.25281695
1955;5;-0.23882908;-0.1472794;-0.33037877
1955;6;-0.17836486;-0.068968244;-0.28776148
1955;7;-0.20829603;-0.10972936;-0.3068627
1955;8;-0.08842416;0.005442583;-0.18229091
1955;9;-0.14314792;-0.06314544;-0.2231504
1955;10;-0.11328784;0.078017324;-0.304593
1955;11;-0.32083783;-0.33389774;-0.30777794
1955;12;-0.36432907;-0.30692106;-0.42173707
1956;1;-0.2403825;-0.08737204;-0.39339298
1956;2;-0.28243503;-0.2932593;-0.27161074
1956;3;-0.35645252;-0.33091742;-0.38198763
1956;4;-0.30645922;-0.2772505;-0.33566794
1956;5;-0.33606264;-0.3610431;-0.31108215
1956;6;-0.22652255;-0.25057474;-0.20247035
1956;7;-0.2106352;-0.27460557;-0.14666484
1956;8;-0.28964865;-0.29303077;-0.28626654
1956;9;-0.2734754;-0.36652836;-0.18042246
1956;10;-0.26315844;-0.32899883;-0.19731808
1956;11;-0.21516415;-0.30615467;-0.124173634
1956;12;-0.1575909;-0.17981678;-0.135365
1957;1;-0.22153524;-0.2175214;-0.22554909
1957;2;-0.15856388;-0.14878947;-0.1683383
1957;3;-0.1975386;-0.27777997;-0.11729721
1957;4;-0.041761864;-0.10773452;0.024210792
1957;5;0.03177997;-0.08629151;0.14985144
1957;6;0.06454678;0.03902303;0.09007053
1957;7;-0.06267592;0.036081877;-0.16143373
1957;8;0.07285775;0.12293518;0.022780316
1957;9;0.041351955;0.06974671;0.012957198
1957;10;-0.0007920379;0.0028996472;-0.004483723
1957;11;-0.00397586;0.007369377;-0.015321097
1957;12;0.05228784;0.13084722;-0.02627153
1958;1;0.25472188;0.52519894;-0.015755193
1958;2;0.09280772;0.1923897;-0.0067742546
1958;3;0.0052554575;0.07571285;-0.06520194
1958;4;-0.06950849;-0.040890772;-0.09812621
1958;5;0.016476592;0.020716382;0.0122368
1958;6;-0.15305896;0.012476821;-0.31859475
1958;7;-0.020030653;-0.008229763;-0.03183154
1958;8;-0.083085604;0.10175144;-0.26792264
1958;9;-0.11479923;0.0047441544;-0.2343426
1958;10;-0.019471264;0.035745874;-0.074688405
1958;11;-0.038575903;-0.04250932;-0.034642484
1958;12;-0.08232217;0.11524215;-0.2798865
1959;1;0.013691866;0.20581906;-0.17843531
1959;2;-0.005084035;0.09984006;-0.11000813
1959;3;0.016677765;0.13146405;-0.098108515
1959;4;0.026267799;0.1068875;-0.054351903
1959;5;-0.03853143;-0.008791688;-0.068271175
1959;6;-0.0018165166;0.07092343;-0.07455647
1959;7;-0.043648165;-0.024115527;-0.063180804
1959;8;-0.041345503;0.036376912;-0.11906792
1959;9;-0.14124896;0.08892405;-0.37142196
1959;10;-0.071337834;-0.056860156;-0.08581552
1959;11;-0.18634169;-0.06532141;-0.30736196
1959;12;-0.10334121;-0.020238226;-0.1864442
1960;1;-0.11465857;0.027680593;-0.25699773
1960;2;0.02281142;0.32769033;-0.2820675
1960;3;-0.44688365;-0.5150217;-0.37874565
1960;4;-0.26193932;-0.23439252;-0.2894861
1960;5;-0.17928644;-0.034866016;-0.32370687
1960;6;-0.1261228;0.10313961;-0.3553852
1960;7;-0.11407162;0.050231356;-0.2783746
1960;8;-0.006310927;0.05857041;-0.071192265
1960;9;0.0032144422;0.080378085;-0.0739492
1960;10;-0.031158555;-0.014116744;-0.048200365
1960;11;-0.21504581;-0.1700929;-0.25999874
1960;12;0.0836075;0.3255573;-0.15834229
1961;1;-0.052229382;0.054229323;-0.15868808
1961;2;0.09082804;0.16010109;0.021554984
1961;3;-0.0616479;-0.02322464;-0.10007116
1961;4;0.06100269;0.077293135;0.044712245
1961;5;0.067880936;0.0011240041;0.13463788
1961;6;0.08760505;0.09230679;0.08290332
1961;7;-0.03974989;0.006007563;-0.08550734
1961;8;-0.016852155;-0.0150314635;-0.018672846
1961;9;-0.030176053;-0.14607452;0.08572242
1961;10;-0.06376159;-0.12997627;0.0024530897
1961;11;-0.031068904;0.012792757;-0.07493056
1961;12;-0.25179952;-0.17031725;-0.33328176
1962;1;-0.05704969;0.17945412;-0.2935535
1962;2;0.012157755;0.22126345;-0.19694793
1962;3;0.018748457;0.19360912;-0.1561122
1962;4;-0.026072158;0.13197018;-0.1841145
1962;5;-0.18164511;-0.05205551;-0.3112347
1962;6;-0.056267038;-0.18112157;0.0685875
1962;7;-0.10915736;0.03923718;-0.2575519
1962;8;-0.10973202;-0.020567397;-0.19889665
1962;9;-0.07493823;-0.08375545;-0.06612101
1962;10;-0.038202044;0.039280187;-0.11568427
1962;11;-0.020875225;0.06404578;-0.105796225
1962;12;-0.12562062;0.047108088;-0.29834932
1963;1;-0.121948205;0.05639919;-0.3002956
1963;2;0.040044732;0.3670329;-0.28694344
1963;3;-0.3409997;-0.36273357;-0.31926584
1963;4;-0.17912978;-0.04972788;-0.30853167
1963;5;-0.1466549;-0.12270487;-0.17060493
1963;6;-0.06680599;-0.10148731;-0.03212466
1963;7;0.05953688;0.07622213;0.042851634
1963;8;0.14581573;0.13748114;0.15415032
1963;9;0.12205969;0.09620765;0.14791173
1963;10;0.06423311;0.33738402;-0.2089178
1963;11;0.04470364;0.3498772;-0.2604699
1963;12;-0.062525906;0.060420204;-0.18547201
1964;1;-0.19452871;-0.08495314;-0.3041043
1964;2;-0.22300385;-0.11871747;-0.32729024
1964;3;-0.38280848;-0.5103681;-0.25524884
1964;4;-0.44159797;-0.4058014;-0.47739458
1964;5;-0.37424895;-0.21656495;-0.53193295
1964;6;-0.16659828;-0.13832968;-0.19486687
1964;7;-0.20062846;-0.17864123;-0.22261569
1964;8;-0.30053315;-0.25811452;-0.34295177
1964;9;-0.4045793;-0.32649356;-0.48266503
1964;10;-0.3114203;-0.33438343;-0.28845716
1964;11;-0.2988282;-0.28687114;-0.31078532
1964;12;-0.3716253;-0.27278584;-0.47046477
1965;1;-0.16228765;-0.085598126;-0.23897716
1965;2;-0.26308617;-0.43348324;-0.092689104
1965;3;-0.2597472;-0.19691527;-0.32257918
1965;4;-0.29863888;-0.31534863;-0.2819291
1965;5;-0.19161598;-0.22247835;-0.16075364
1965;6;-0.20754607;-0.2665176;-0.14857455
1965;7;-0.26655743;-0.23096915;-0.3021457
1965;8;-0.1619956;-0.21966033;-0.104330875
1965;9;-0.24531643;-0.23816107;-0.25247177
1965;10;-0.10577728;-0.020266742;-0.19128782
1965;11;-0.1437657;0.017513445;-0.30504486
1965;12;-0.14632036;-0.1297064;-0.16293432
1966;1;-0.28320545;-0.27032188;-0.296089
1966;2;-0.16757779;-0.09289439;-0.2422612
1966;3;-0.1708448;-0.17969117;-0.16199842
1966;4;-0.17045191;-0.273216;-0.06768781
1966;5;-0.21843779;-0.15309197;-0.2837836
1966;6;-0.10499999;-0.012370773;-0.1976292
1966;7;0.0030392085;0.028018259;-0.021939842
1966;8;-0.10166964;0.121407695;-0.32474697
1966;9;-0.08658218;0.05768994;-0.23085429
1966;10;-0.23768093;-0.13593759;-0.33942425
1966;11;-0.10768294;-0.052670516;-0.16269538
1966;12;-0.14052084;-0.10444147;-0.17660022
1967;1;-0.21960148;-0.2709983;-0.16820467
1967;2;-0.32817873;-0.44488066;-0.21147682
1967;3;-0.09374347;0.041608535;-0.22909547
1967;4;-0.13242696;0.00811492;-0.27296886
1967;5;0.057162356;0.16431348;-0.049988773
1967;6;-0.108169004;-0.08119387;-0.13514414
1967;7;-0.067892365;-0.022512663;-0.11327206
1967;8;-0.099165745;-0.008868364;-0.18946312
1967;9;-0.12451488;-0.065788366;-0.18324138
1967;10;-0.020286117;0.2541415;-0.29471377
1967;11;-0.119650505;-0.05114153;-0.18815948
1967;12;-0.1537288;0.007612942;-0.31507054
1968;1;-0.32466504;-0.34540352;-0.3039266
1968;2;-0.26771057;-0.21524768;-0.32017347
1968;3;-0.003727732;0.25456142;-0.2620169
1968;4;-0.18043014;-0.096759595;-0.26410067
1968;5;-0.22587559;-0.103915;-0.3478362
1968;6;-0.15176927;-0.09132282;-0.2122157
1968;7;-0.19500259;-0.14353211;-0.24647306
1968;8;-0.12997681;-0.122895405;-0.13705823
1968;9;-0.22645247;-0.09246217;-0.36044276
1968;10;0.008175721;-0.0694437;0.08579515
1968;11;-0.13496026;-0.2792129;0.009292363
1968;12;-0.1911928;-0.3652261;-0.01715952
1969;1;-0.16237703;-0.41140166;0.086647585
1969;2;-0.1970934;-0.47832096;0.084134154
1969;3;-0.13277553;-0.3031456;0.037594527
1969;4;0.049255937;-0.08105628;0.17956816
1969;5;0.06528902;-0.0035407208;0.13411877
1969;6;0.0056816083;-0.13145505;0.14281827
1969;7;-0.1091712;-0.047141507;-0.17120089
1969;8;-0.07289227;-0.04005461;-0.10572993
1969;9;-0.013110088;-0.027696483;0.0014763075
1969;10;0.00090877194;-0.041957464;0.043775007
1969;11;0.023137517;0.072773665;-0.026498627
1969;12;0.16674611;0.2889398;0.044552438
1970;1;0.014005779;-0.042814955;0.070826516
1970;2;0.063759334;0.12629966;0.001219014
1970;3;-0.08814179;-0.18054019;0.0042565973
1970;4;-0.07942118;-0.12661669;-0.032225672
1970;5;-0.14084856;-0.14760064;-0.13409649
1970;6;-0.1370101;-0.09289586;-0.18112434
1970;7;-0.11218003;-0.11612056;-0.108239494
1970;8;-0.1992122;-0.11760218;-0.28082222
1970;9;-0.030715683;-0.108525366;0.047094
1970;10;-0.06031036;-0.23978248;0.11916176
1970;11;-0.058197107;-0.070833616;-0.0455606
1970;12;-0.1930069;-0.35296512;-0.033048686
1971;1;-0.14365958;-0.19665034;-0.090668805
1971;2;-0.2726155;-0.34420434;-0.20102666
1971;3;-0.33664557;-0.37327704;-0.30001414
1971;4;-0.23293439;-0.27874985;-0.1871189
1971;5;-0.1979984;-0.22322622;-0.17277057
1971;6;-0.2552373;-0.19855435;-0.31192026
1971;7;-0.18479517;-0.20148978;-0.16810058
1971;8;-0.1812137;-0.2501288;-0.112298585
1971;9;-0.12637776;-0.1820661;-0.070689425
1971;10;-0.15617602;-0.21094108;-0.101410955
1971;11;-0.15279908;-0.0742335;-0.23136467
1971;12;-0.23074044;-0.21403453;-0.24744634
1972;1;-0.37904298;-0.6880132;-0.07007276
1972;2;-0.2778282;-0.557914;0.0022576351
1972;3;-0.14302962;-0.20200486;-0.08405437
1972;4;-0.12759815;-0.19105;-0.06414632
1972;5;-0.082474515;-0.23130341;0.06635438
1972;6;-0.031909496;-0.14599152;0.082172535
1972;7;-0.09311811;-0.13049681;-0.055739395
1972;8;0.061222523;-0.10008333;0.22252837
1972;9;-0.052398738;-0.2599288;0.15513133
1972;10;-0.056839254;-0.07662358;-0.037054926
1972;11;-0.051805325;-0.26853096;0.16492032
1972;12;0.10889668;-0.14666018;0.36445355
1973;1;0.100870065;0.024723388;0.17701674
1973;2;0.15933001;0.25381538;0.06484464
1973;3;0.11498204;0.12849344;0.101470634
1973;4;0.19915819;0.14133643;0.25697997
1973;5;0.10814754;0.042592335;0.17370275
1973;6;0.106045224;0.09925771;0.11283275
1973;7;0.01621605;-0.03903037;0.071462475
1973;8;-0.027661854;-0.01937699;-0.03594672
1973;9;-0.035152175;-0.12205175;0.051747404
1973;10;0.0108220205;-0.098857604;0.120501645
1973;11;-0.025164139;-0.08538852;0.035060238
1973;12;-0.1283927;-0.06629769;-0.19048771
1974;1;-0.28239968;-0.39542106;-0.16937833
1974;2;-0.4465835;-0.4939944;-0.3991726
1974;3;-0.23716211;-0.1589564;-0.31536785
1974;4;-0.20168932;-0.16824575;-0.2351329
1974;5;-0.1265853;-0.24300148;-0.010169133
1974;6;-0.11528032;-0.22383332;-0.006727316
1974;7;-0.13573898;-0.1541972;-0.11728076
1974;8;0.023082737;-0.117501885;0.16366735
1974;9;-0.09269041;-0.15743285;-0.027947972
1974;10;-0.11529485;-0.25814784;0.027558139
1974;11;-0.12621354;-0.27954525;0.027118182
1974;12;-0.21389274;-0.3453227;-0.08246279
1975;1;-0.0966292;-0.038976923;-0.15428147
1975;2;-0.020880949;0.04744504;-0.089206934
1975;3;-0.01112924;-0.006330521;-0.015927957
1975;4;-0.051968537;0.017877385;-0.12181446
1975;5;0.053007245;-0.048647963;0.15466245
1975;6;-0.060783383;-0.08506739;-0.036499377
1975;7;-0.10466969;-0.1271204;-0.08221897
1975;8;-0.23242185;-0.15186745;-0.31297624
1975;9;-0.139501;-0.13921303;-0.13978897
1975;10;-0.15371256;-0.22088109;-0.08654401
1975;11;-0.26358986;-0.34952942;-0.17765029
1975;12;-0.24677186;-0.2282753;-0.2652684
1976;1;-0.16959351;-0.03310916;-0.30607787
1976;2;-0.23186125;-0.2636404;-0.2000821
1976;3;-0.33692366;-0.44831553;-0.22553177
1976;4;-0.18590008;-0.045292046;-0.3265081
1976;5;-0.35880587;-0.30937663;-0.4082351
1976;6;-0.23977908;-0.23193778;-0.24762037
1976;7;-0.17275204;-0.269533;-0.07597106
1976;8;-0.24235126;-0.2128057;-0.27189684
1976;9;-0.15119453;-0.093777575;-0.20861147
1976;10;-0.3322862;-0.4690863;-0.1954861
1976;11;-0.13943368;-0.33406714;0.055199787
1976;12;-0.02945889;-0.31141028;0.25249252
1977;1;0.15336634;-0.11399858;0.42073125
1977;2;0.10381479;-0.018853977;0.22648355
1977;3;0.07475545;0.049087238;0.100423664
1977;4;0.13446581;0.16748674;0.10144489
1977;5;0.22771347;0.20412308;0.25130382
1977;6;0.20780508;0.22098134;0.19462882
1977;7;0.14251913;0.06397773;0.22106053
1977;8;0.1298329;0.036886644;0.22277914
1977;9;-0.0019903248;0.14167103;-0.14565168
1977;10;-0.01617223;-0.032527734;0.00018327334
1977;11;0.12106576;0.23237301;0.009758509
1977;12;-0.04011389;-0.0035612045;-0.07666657
1978;1;0.036995538;0.11962393;-0.04563285
1978;2;0.07385509;0.0769446;0.07076557
1978;3;0.059285987;0.0911857;0.027386276
1978;4;0.053218562;0.038030498;0.068406634
1978;5;0.0115159005;-0.09380334;0.11683514
1978;6;-0.055066437;-0.17219318;0.06206031
1978;7;0.016265042;-0.10451135;0.13704143
1978;8;-0.2168574;-0.170537;-0.2631778
1978;9;0.04174579;-0.014026718;0.097518295
1978;10;-0.059895515;-0.046425123;-0.073365904
1978;11;0.091779426;0.15094851;0.032610353
1978;12;0.010227291;-0.017995156;0.03844974
1979;1;0.0516812;-0.008283976;0.11164638
1979;2;-0.17951806;-0.42833737;0.06930123
1979;3;0.06694152;-0.0066153845;0.14049843
1979;4;0.07699999;-0.19613707;0.35013705
1979;5;-0.022435743;-0.034571074;-0.010300415
1979;6;0.050191652;0.035021152;0.06536215
1979;7;0.018005762;0.070133135;-0.034121614
1979;8;0.114524774;0.02927005;0.1997795
1979;9;0.17285156;0.15955523;0.18614788
1979;10;0.14730756;0.16648273;0.1281324
1979;11;0.20778532;0.14226998;0.27330068
1979;12;0.38596204;0.44418514;0.32773897
1980;1;0.2527261;0.19192429;0.3135279
1980;2;0.3607043;0.37782466;0.34358397
1980;3;0.21667273;-0.02488954;0.458235
1980;4;0.23393515;0.12433762;0.34353265
1980;5;0.2456877;0.19734205;0.29403335
1980;6;0.13180715;0.15601538;0.10759892
1980;7;0.20636384;0.13228737;0.2804403
1980;8;0.16441017;0.11451357;0.21430679
1980;9;0.123579785;0.058344275;0.18881531
1980;10;0.097044446;0.1508416;0.043247297
1980;11;0.20625903;0.14209627;0.27042177
1980;12;0.113674425;0.05104677;0.17630208
1981;1;0.44390386;0.7487377;0.13907006
1981;2;0.33654687;0.55794996;0.115143746
1981;3;0.33077422;0.50821036;0.15333807
1981;4;0.19894964;0.33565098;0.062248293
1981;5;0.14773263;0.15960994;0.13585532
1981;6;0.24469398;0.2611396;0.22824834
1981;7;0.26434663;0.1111668;0.41752648
1981;8;0.31205258;0.17179665;0.45230854
1981;9;0.1367701;0.13001488;0.1435253
1981;10;0.05529363;0.21710995;-0.10652269
1981;11;0.16566867;0.3261999;0.0051374543
1981;12;0.3634116;0.55197155;0.17485164
1982;1;-0.024068523;-0.1466739;0.09853685
1982;2;0.06821714;0.117989734;0.018444551
1982;3;-0.13698223;-0.11807711;-0.15588737
1982;4;0.020402594;0.068687886;-0.0278827
1982;5;0.09071928;-0.00050007954;0.18193865
1982;6;-0.0013139228;-0.0074541247;0.0048262794
1982;7;0.075844936;0.019226363;0.13246351
1982;8;-0.045588225;-0.08583224;-0.0053442153
1982;9;0.016534334;0.033484425;-0.00041575576
1982;10;0.041061886;-0.0055354196;0.08765919
1982;11;0.029048067;-0.2026244;0.26072052
1982;12;0.27728456;0.20877008;0.34579906
1983;1;0.3584244;0.36479098;0.35205784
1983;2;0.33635557;0.23972225;0.43298888
1983;3;0.24756545;0.22326423;0.27186668
1983;4;0.17535253;-0.002132382;0.35283744
1983;5;0.22204514;-0.010739327;0.4548296
1983;6;0.16691586;0.10246171;0.23137002
1983;7;0.114927486;0.19798124;0.031873733
1983;8;0.28377086;0.26075968;0.30678204
1983;9;0.3260587;0.25843084;0.39368653
1983;10;0.113148384;0.09379533;0.13250144
1983;11;0.24547733;0.45516834;0.035786327
1983;12;0.096021675;0.12305902;0.06898433
1984;1;0.15764055;0.19697618;0.11830491
1984;2;0.02001983;-0.10715679;0.14719644
1984;3;0.14398187;0.07316712;0.21479663
1984;4;0.010137831;-0.093563974;0.113839634
1984;5;0.21433139;0.18326175;0.24540102
1984;6;-0.038575307;0.021947028;-0.09909764
1984;7;0.024865314;0.038595293;0.011135336
1984;8;0.08923666;0.021196775;0.15727656
1984;9;0.12719487;-0.016368303;0.27075803
1984;10;0.040902097;0.008490441;0.07331375
1984;11;-0.05765004;-0.1941329;0.07883281
1984;12;-0.15602855;-0.48787484;0.17581774
1985;1;0.1155558;0.056166474;0.17494512
1985;2;-0.104183674;-0.32325783;0.114890486
1985;3;0.04271185;-0.15015906;0.23558277
1985;4;0.0028204513;-0.15777647;0.16341738
1985;5;0.067987494;0.0030139214;0.13296106
1985;6;0.12117828;0.036792018;0.20556453
1985;7;-0.022891713;-0.14854181;0.10275838
1985;8;0.1431363;-0.028581887;0.31485447
1985;9;0.11767927;0.0039896113;0.23136891
1985;10;0.039328277;-0.026889332;0.105545886
1985;11;0.018120727;0.016946036;0.019295415
1985;12;0.05531433;0.093977205;0.016651453
1986;1;0.11670128;0.20388958;0.029512985
1986;2;0.3093589;0.29239845;0.3263193
1986;3;0.13820964;0.056342624;0.22007667
1986;4;0.13485684;0.11603152;0.15368216
1986;5;0.13101041;0.115917906;0.14610294
1986;6;0.039869342;0.07805131;0.0016873742
1986;7;0.042954296;-0.038615517;0.12452411
1986;8;0.08790163;0.017822936;0.15798032
1986;9;0.024142634;-0.012078224;0.06036349
1986;10;0.051004555;0.0012583851;0.10075073
1986;11;0.04011416;-0.057129614;0.13735794
1986;12;0.03212002;-0.029679405;0.09391945
1987;1;0.22004549;0.14603585;0.29405513
1987;2;0.31599578;0.36944965;0.26254192
1987;3;0.104251325;-0.08692732;0.29542997
1987;4;0.1889307;0.011386626;0.36647478
1987;5;0.16939573;0.18969451;0.14909695
1987;6;0.26585034;0.16422564;0.367475
1987;7;0.34769198;0.26173133;0.4336526
1987;8;0.21050136;0.29511052;0.1258922
1987;9;0.26593548;0.33027604;0.20159492
1987;10;0.26956236;0.20022902;0.33889574
1987;11;0.18613108;0.02774813;0.34451404
1987;12;0.37202516;0.43961924;0.30443108
1988;1;0.45912874;0.48536512;0.43289232
1988;2;0.33302152;0.3694429;0.29660013
1988;3;0.38519633;0.34234378;0.42804888
1988;4;0.32767174;0.4044279;0.25091556
1988;5;0.31933275;0.33809826;0.30056724
1988;6;0.33036658;0.3710754;0.28965774
1988;7;0.2556859;0.37718666;0.1341851
1988;8;0.25767827;0.24464478;0.27071178
1988;9;0.25825685;0.2523253;0.2641884
1988;10;0.254709;0.20697536;0.30244264
1988;11;0.028571693;0.036756236;0.020387148
1988;12;0.17620139;0.35929263;-0.0068898685
1989;1;-0.026005011;-0.079006344;0.026996318
1989;2;0.23738506;0.37456185;0.1002083
1989;3;0.18512788;0.25227344;0.11798234
1989;4;0.14958581;0.26026675;0.038904876
1989;5;0.038256668;0.17130515;-0.09479182
1989;6;0.09383323;0.22040455;-0.03273809
1989;7;0.26380813;0.30066085;0.22695543
1989;8;0.25223345;0.25622743;0.24823946
1989;9;0.29773393;0.24796125;0.34750658
1989;10;0.26001906;0.24642766;0.2736105
1989;11;0.11531052;0.057717826;0.17290321
1989;12;0.2837144;0.29960564;0.2678232
1990;1;0.28277373;0.3105069;0.2550406
1990;2;0.27884814;0.33000937;0.22768694
1990;3;0.6347864;1.0064251;0.26314783
1990;4;0.4940245;0.6722897;0.31575927
1990;5;0.40596974;0.4961376;0.31580186
1990;6;0.3151888;0.47167093;0.15870665
1990;7;0.3796524;0.32884914;0.43045568
1990;8;0.28095096;0.3933061;0.1685958
1990;9;0.22031836;0.41761062;0.023026122
1990;10;0.38645974;0.4503423;0.32257718
1990;11;0.35899177;0.40267435;0.31530923
1990;12;0.28878504;0.2880204;0.28954968
1991;1;0.30340114;0.46434304;0.14245921
1991;2;0.4070458;0.50491136;0.30918023
1991;3;0.24740836;0.3006742;0.19414254
1991;4;0.43600866;0.5365422;0.33547518
1991;5;0.31398752;0.36483136;0.2631437
1991;6;0.4334769;0.45391297;0.41304085
1991;7;0.46741664;0.45839894;0.47643438
1991;8;0.3620418;0.35145512;0.37262845
1991;9;0.35283542;0.3538918;0.35177904
1991;10;0.25118244;0.3198851;0.18247975
1991;11;0.25364134;0.32119235;0.1860903
1991;12;0.23831235;0.19225326;0.28437144
1992;1;0.36292845;0.48298323;0.24287365
1992;2;0.34844932;0.40930802;0.28759065
1992;3;0.30922496;0.3616031;0.25684682
1992;4;0.16185239;0.07110116;0.25260362
1992;5;0.16797747;0.09746619;0.23848873
1992;6;0.15643431;0.02785973;0.2850089
1992;7;0.005340144;-0.04555916;0.05623945
1992;8;0.03774724;-0.059179153;0.13467364
1992;9;-0.08989003;-0.16406627;-0.015713805
1992;10;-0.022682328;-0.10864013;0.06327548
1992;11;-0.03733942;-0.09061293;0.015934097
1992;12;0.09871902;0.1806456;0.01679244
1993;1;0.26102662;0.33552542;0.18652782
1993;2;0.28333446;0.49708313;0.069585785
1993;3;0.23608007;0.26350725;0.2086529
1993;4;0.19514883;0.22297947;0.16731818
1993;5;0.19503304;0.250127;0.13993911
1993;6;0.16445984;0.25460806;0.07431161
1993;7;0.15863112;0.18190974;0.13535248
1993;8;0.08418279;0.061209656;0.10715592
1993;9;0.045521;0.01868575;0.07235625
1993;10;0.15051654;0.17358227;0.12745082
1993;11;0.06566895;-0.1359163;0.2672542
1993;12;0.14829831;0.18603566;0.11056095
1994;1;0.20031649;0.27197263;0.12866034
1994;2;0.014015401;-0.029318685;0.05734949
1994;3;0.23547028;0.33262488;0.13831566
1994;4;0.25558206;0.40602532;0.10513878
1994;5;0.20769499;0.31661084;0.098779164
1994;6;0.31435218;0.37074146;0.2579629
1994;7;0.18217762;0.27692133;0.087433904
1994;8;0.1732785;0.34353608;0.003020897
1994;9;0.2722316;0.33323553;0.21122772
1994;10;0.34696406;0.54001546;0.15391263
1994;11;0.3531186;0.4397953;0.26644194
1994;12;0.24739546;0.2765481;0.21824282
1995;1;0.41360325;0.6836464;0.14356016
1995;2;0.6401344;1.0604461;0.21982262
1995;3;0.3564086;0.4777501;0.23506711
1995;4;0.42731214;0.7212582;0.13336602
1995;5;0.26464352;0.42909724;0.1001898
1995;6;0.37844238;0.5652927;0.19159207
1995;7;0.44184983;0.4106389;0.47306073
1995;8;0.391613;0.5637681;0.21945792
1995;9;0.27957153;0.47032917;0.08881392
1995;10;0.37940124;0.5889097;0.16989277
1995;11;0.37539726;0.578376;0.17241858
1995;12;0.1740167;0.27412006;0.07391335
1996;1;0.21639675;0.29603234;0.13676114
1996;2;0.46155688;0.5826013;0.34051245
1996;3;0.2883724;0.29866582;0.27807894
1996;4;0.25163049;0.21100155;0.29225945
1996;5;0.23714963;0.34937614;0.124923095
1996;6;0.21651414;0.25986946;0.17315881
1996;7;0.3253906;0.30656898;0.34421223
1996;8;0.35149437;0.19832937;0.50465935
1996;9;0.20457508;0.11553916;0.293611
1996;10;0.12766548;0.10390628;0.15142466
1996;11;0.3162583;0.39150664;0.24101
1996;12;0.32326886;0.38758892;0.2589488
1997;1;0.24903603;0.36884817;0.12922388
1997;2;0.30442297;0.5002929;0.10855302
1997;3;0.39708516;0.6107993;0.18337098
1997;4;0.3775284;0.5360264;0.21903041
1997;5;0.31710884;0.45413625;0.18008143
1997;6;0.49175587;0.5627827;0.42072907
1997;7;0.3461335;0.5037023;0.18856469
1997;8;0.40574697;0.513773;0.2977209
1997;9;0.4674913;0.55146617;0.38351637
1997;10;0.5718022;0.7136584;0.42994604
1997;11;0.61571497;0.62969124;0.60173875
1997;12;0.52387595;0.47146943;0.5762825
1998;1;0.5629589;0.602318;0.5235998
1998;2;0.7973742;0.93832815;0.65642023
1998;3;0.5894701;0.6373686;0.5415715
1998;4;0.65089357;0.90752494;0.39426225
1998;5;0.6390668;0.6756463;0.6024873
1998;6;0.6679476;0.75419647;0.5816987
1998;7;0.65909415;0.79136056;0.5268278
1998;8;0.6453173;0.79583037;0.49480417
1998;9;0.43478084;0.6463749;0.22318675
1998;10;0.41109028;0.5651642;0.25701633
1998;11;0.38224158;0.50228673;0.26219645
1998;12;0.48756245;0.75509465;0.22003022
1999;1;0.3872738;0.537159;0.23738857
1999;2;0.60396034;0.96000904;0.24791169
1999;3;0.26383877;0.21623835;0.31143922
1999;4;0.26947576;0.5133835;0.025568
1999;5;0.2477816;0.37312335;0.12243988
1999;6;0.32476822;0.33442515;0.31511125
1999;7;0.3104075;0.3837337;0.23708132
1999;8;0.3025803;0.37046763;0.23469296
1999;9;0.27602673;0.4324336;0.119619876
1999;10;0.30699936;0.44613782;0.16786091
1999;11;0.28691775;0.48971832;0.08411716
1999;12;0.3137894;0.6595281;-0.03194928
2000;1;0.18133692;0.33494765;0.027726192
2000;2;0.49915195;0.82267016;0.17563373
2000;3;0.44504288;0.7300434;0.16004233
2000;4;0.5384154;0.8579341;0.21889661
2000;5;0.30583385;0.52675515;0.08491253
2000;6;0.3502256;0.42816097;0.27229023
2000;7;0.32576227;0.44178027;0.20974424
2000;8;0.3747202;0.5119857;0.23745467
2000;9;0.3107709;0.40158415;0.21995763
2000;10;0.19478564;0.32597268;0.06359862
2000;11;0.24529691;0.21819161;0.2724022
2000;12;0.20167494;0.2448871;0.15846278
36911;;0.36417356;0.5243447;0.20400241
37276;;0.3918914;0.4332709;0.35051188
37641;;0.5204522;0.67392;0.36698434
38006;;0.45251647;0.58455664;0.3204763
38372;;0.48934218;0.6164918;0.36219257
38737;;0.44591305;0.51539135;0.37643477
39102;;0.50912946;0.6096397;0.40861917
39467;;0.5074936;0.66751176;0.3474754
39833;;0.49257064;0.57567716;0.40946412
40198;;0.46419922;0.6088694;0.31952906
40563;;0.69211686;0.98341095;0.40082267
40928;;0.54156566;0.7458314;0.33729997
36942;;0.6473876;0.8608613;0.43391398
37307;;0.6426373;0.93491125;0.35036334
37672;;0.79940027;0.99284273;0.6059578
38037;;0.56820655;0.51676005;0.6196531
38403;;0.502807;0.47663674;0.5289772
38768;;0.4493149;0.64729077;0.25133902
39133;;0.56947935;0.6429876;0.49597108
39498;;0.4984804;0.5716033;0.42535755
39864;;0.50192404;0.6284346;0.37541345
40229;;0.50043756;0.57483107;0.42604402
40594;;0.4944799;0.72276115;0.26619864
40959;;0.34704304;0.4546502;0.23943585
36970;;0.65388364;0.8806999;0.42706734
37335;;0.48562348;0.4899901;0.48125684
37700;;0.48364088;0.5696024;0.3976794
38066;;0.47277164;0.59444505;0.35109824
38431;;0.52228177;0.70993555;0.334628
38796;;0.42513415;0.53117377;0.3190945
39161;;0.48383972;0.6604497;0.3072298
39527;;0.6121032;0.8043066;0.41989988
39892;;0.5746869;0.7892218;0.3601519
40257;;0.65677655;0.98068064;0.33287242
40622;;0.4990721;0.6896597;0.30848452
40988;;0.66022813;0.9454944;0.37496182
37001;;0.5089659;0.66544247;0.35248935
37366;;0.634869;0.8354158;0.43432218
37731;;0.52825564;0.73557866;0.32093263
38097;;0.52279246;0.71571136;0.3298736
38462;;0.35092646;0.489631;0.21222189
38827;;0.31097007;0.4546646;0.16727556
39192;;0.23719142;0.48965862;-0.015275755
39558;;0.45830214;0.57668453;0.33991972
39923;;0.46726716;0.6179774;0.31655693
40288;;0.52292866;0.67244786;0.3734095
40653;;0.6510514;0.9360946;0.3660082
41019;;0.41492838;0.4125713;0.4172854
37031;;0.6500713;0.8589126;0.44123012
37396;;0.5338277;0.6723138;0.3953416
37761;;0.6459099;0.8139549;0.47786495
38127;;0.63165;0.89132047;0.37197942
38492;;0.553209;0.79305047;0.3133676
38857;;0.5688213;0.7807916;0.35685104
39222;;0.55488116;0.772608;0.33715436
39588;;0.58098936;0.71944505;0.44253367
39953;;0.6340549;0.8800498;0.38805997
40318;;0.68443674;0.9330592;0.43581423
40683;;0.6432208;1.0369042;0.24953729
41049;;0.6012786;0.8243839;0.37817326
37062;;0.4999044;0.60264534;0.39716345
37427;;0.6455559;0.8971733;0.3939385
37792;;0.543684;0.7228313;0.3645367
38158;;0.48621997;0.614794;0.3576459
38523;;0.47178116;0.74611676;0.19744554
38888;;0.57188183;0.77800584;0.36575782
39253;;0.4763779;0.6343427;0.31841314
39619;;0.6333706;0.7398013;0.52693987
39984;;0.5499711;0.80735284;0.2925893
40349;;0.6137471;0.9538071;0.27368718
40714;;0.66086054;0.9265247;0.39519635
41080;;0.7172778;1.1137353;0.32082036
37092;;0.8930489;1.313603;0.47249478
37457;;0.63967174;0.8926391;0.38670433
37822;;0.59194857;0.8083112;0.3755859
38188;;0.7261497;1.1008457;0.35145366
38553;;0.58012205;0.70182;0.4584241
38918;;0.5006901;0.6461057;0.35527453
39283;;0.5630122;0.6934999;0.43252438
39649;;0.5837867;0.7584869;0.40908653
40014;;0.5083473;0.68266064;0.33403394
40379;;0.5590798;0.81120175;0.30695793
40744;;0.5355275;0.81555575;0.2554993
41110;;0.41903135;0.7604999;0.07756283
37123;;0.21021158;0.28827983;0.13214332
37488;;0.2693002;0.46977293;0.068827465
37853;;0.6136748;0.9785003;0.24884936
38219;;0.44805115;0.6419291;0.2541732
38584;;0.43248925;0.6379026;0.22707583
38949;;0.38399753;0.6231087;0.14488634
39314;;0.5340773;0.63575447;0.43240008
39680;;0.45276764;0.638109;0.26742625
40045;;0.5480162;0.6296737;0.4663586
40410;;0.5909558;0.89066494;0.29124668
40775;;0.63220257;0.9606278;0.3037774
41141;;0.4720541;0.66612697;0.2779812
37154;;0.59029907;0.84008974;0.34050846
37519;;0.47127843;0.64479125;0.29776567
37884;;0.446841;0.49197575;0.40170625
38250;;0.528052;0.67809457;0.3780094
38615;;0.5503384;0.57445633;0.52622044
38980;;0.6234883;0.6664386;0.58053803
39345;;0.68074554;0.70080477;0.66068625
39711;;0.6221325;0.72139865;0.52286625
40076;;0.68177086;0.8586218;0.50491995
40441;;0.6202136;0.81467694;0.42575034
40806;;0.7060583;0.79498976;0.61712694
41172;;0.64016175;0.69453776;0.58578575
37184;;0.7106075;0.82424986;0.59696525
37549;;0.7901331;0.94054943;0.6397168
37914;;0.8602274;1.0480418;0.672413
38280;;0.83354694;1.1840972;0.48299664
38645;;0.71491516;0.9395209;0.49030945
39010;;0.6450033;0.8715959;0.41841078
39375;;0.61741793;0.90611607;0.32871988
39741;;0.6146318;0.88130283;0.34796068
40106;;0.5642509;0.7011146;0.4273872
40471;;0.64213544;0.9026661;0.38160473
40836;;0.73456544;1.2115363;0.2575946
41202;;0.4370223;0.62320566;0.2508389
37215;;0.45676905;0.5969355;0.31660256
37580;;0.42912033;0.5093397;0.34890097
37945;;0.5563974;0.810836;0.30195874
38311;;0.60221547;0.830473;0.3739579
38676;;0.44336236;0.6520108;0.23471391
39041;;0.5482127;0.76115644;0.335269
39406;;0.64491206;0.74547964;0.54434454
39772;;0.6510249;0.75032365;0.55172604
40137;;0.53794116;0.72733605;0.3485463
40502;;0.5763366;0.8864073;0.26626584
40867;;0.5112523;0.63469094;0.3878136
41233;;0.49482837;0.79916346;0.19049327
37245;;0.3695542;0.5948458;0.14426261
37610;;0.4647088;0.59859973;0.33081782
37975;;0.4209961;0.52307916;0.31891307
38341;;0.6105002;0.99781984;0.22318058
38706;;0.6589486;0.9409727;0.37692454
39071;;0.629351;0.93979794;0.3189041
39436;;0.56779647;0.86289394;0.272699
39802;;0.6449439;0.8076754;0.4822123
40167;;0.64759123;0.87313384;0.42204857
40532;;0.7321626;0.8834954;0.5808298
40897;;0.7210487;0.9308171;0.5112803
41263;;0.4636831;0.45884886;0.46851736
2013;1;0.6078036;0.72541887;0.49018833
2013;2;0.52651656;0.65938705;0.3936461
2013;3;0.5829417;0.7656609;0.40022257
2013;4;0.57481265;0.7219174;0.4277079
2013;5;0.5568857;0.7716539;0.34211752
2013;6;0.6593197;0.7573328;0.56130666
2013;7;0.58917844;0.694519;0.48383796
2013;8;0.6352067;0.7666993;0.5037141
2013;9;0.7221902;0.7522272;0.6921532
2013;10;0.6503963;0.8430725;0.45772016
2013;11;0.7700114;1.0602105;0.47981232
2013;12;0.60764134;0.80199087;0.41329178
2014;1;0.6695646;0.86913407;0.46999514
2014;2;0.49080652;0.6512126;0.33040047
2014;3;0.694528;1.0571116;0.33194435
2014;4;0.73631227;1.0283018;0.4443227
2014;5;0.73708785;0.87943;0.5947457
2014;6;0.61747456;0.83661574;0.3983333
2014;7;0.5809606;0.8220929;0.3398283
2014;8;0.73377496;0.9978482;0.46970174
2014;9;0.756769;0.9110513;0.6024867
2014;10;0.7423641;0.9868842;0.497844
2014;11;0.63000286;0.8283037;0.431702
2014;12;0.6848145;1.0255418;0.34408724
2015;1;0.7400082;1.0656847;0.41433173
2015;2;0.78175026;1.0635245;0.49997598
2015;3;0.79528373;1.1110917;0.4794757
2015;4;0.70091575;0.9945587;0.40727282
2015;5;0.7309856;1.0156416;0.44632962
2015;6;0.7596305;1.0730667;0.44619417
2015;7;0.7145488;0.9586983;0.47039938
2015;8;0.7991504;1.0664476;0.53185314
2015;9;0.82609314;1.2136781;0.43850815
2015;10;1.0153373;1.271887;0.75878775
2015;11;0.9959859;1.3315372;0.66043454
2015;12;1.0416831;1.4042709;0.6790952
2016;1;1.0877537;1.4935338;0.68197334
2016;2;1.2235882;1.7432089;0.7039676
2016;3;1.1820779;1.6370131;0.7271426
2016;4;1.0296463;1.4060589;0.65323365
2016;5;0.8804874;1.1161622;0.6448125
2016;6;0.77708083;1.1511906;0.40297103
2016;7;0.77772677;1.0588902;0.49656332
2016;8;0.94857633;1.1369348;0.7602179
2016;9;0.8455436;1.2146738;0.47641346
2016;10;0.81902903;1.0219274;0.61613065
2016;11;0.8444866;1.0520233;0.6369499
2016;12;0.77912897;1.030699;0.5275589
2017;1;0.9519715;1.2971936;0.60674936
2017;2;1.0670907;1.3986348;0.7355467
2017;3;1.0645919;1.4145817;0.71460205
2017;4;0.84599763;1.1742365;0.51775867
2017;5;0.7798254;0.8800053;0.67964554
2017;6;0.6575456;0.89722335;0.41786787
2017;7;0.80458516;0.9693145;0.63985586
2017;8;0.81099087;1.051169;0.57081264
2017;9;0.72930163;0.97171855;0.4868847
2017;10;0.80949205;0.98604375;0.6329404
2017;11;0.8058706;1.1078347;0.50390655
2017;12;0.8148281;1.2368069;0.3928493
2018;1;0.7106047;0.99189454;0.42931488
2018;2;0.7957914;1.1438996;0.44768322
2018;3;0.7900751;1.0302682;0.54988194
2018;4;0.8223178;0.95821947;0.6864161
2018;5;0.71316856;0.8651192;0.56121796
2018;6;0.7375257;0.8771809;0.5978706
2018;7;0.7334142;0.8587528;0.60807556
2018;8;0.73473924;0.85923666;0.61024183
2018;9;0.67586756;0.87913394;0.47260123
2018;10;0.8693208;1.1381326;0.60050905
2018;11;0.7447671;0.89353025;0.59600407
2018;12;0.8242562;1.0205723;0.6279401
2019;1;0.7995958;0.98259795;0.61659366
2019;2;0.8442263;0.99620956;0.692243
2019;3;1.0757369;1.3958908;0.75558305
2019;4;0.93880504;1.1804395;0.69717056
2019;5;0.7776251;0.97537446;0.57987577
2019;6;0.80911994;1.1213971;0.4968427
2019;7;0.8571952;1.0511001;0.66329026
2019;8;0.85825413;1.1487134;0.56779486
2019;9;0.8026575;1.1987572;0.4065578
2019;10;0.9556284;1.269105;0.6421518
2019;11;0.9372168;1.10838;0.76605374
2019;12;1.0368102;1.2969561;0.7766641
2020;1;1.0694563;1.4337738;0.705139
2020;2;1.1133685;1.5958972;0.63083994
2020;3;1.0943997;1.5332204;0.6555791
2020;4;1.0626723;1.3384523;0.7868922
2020;5;0.90792704;1.2156622;0.60019183
2020;6;0.8251334;1.1098021;0.5404647
2020;7;0.81607646;1.093349;0.53880394
2020;8;0.80101144;1.1037216;0.4983012
2020;9;0.8670323;1.1662729;0.56779176
2020;10;0.8107299;1.1677216;0.45373827
2020;11;1.0130944;1.4490956;0.57709324
2020;12;0.6926237;1.1017503;0.2834971
2021;1;0.70082587;1.1269088;0.27474293
2021;2;0.56454515;0.86434233;0.26474795
2021;3;0.7262527;1.0232935;0.42921188
2021;4;0.7601092;1.1503804;0.36983803
2021;5;0.7064251;1.0403697;0.3724804
2021;6;0.71322304;1.1113294;0.31511664
2021;7;0.7916223;1.0753362;0.5079084
2021;8;0.79945594;1.0170165;0.5818954
2021;9;0.8674762;1.0672946;0.6676579
2021;10;0.907391;1.2139426;0.6008394
2021;11;0.8536163;1.2119839;0.49524862
2021;12;0.7513281;1.0331954;0.46946084
2022;1;0.7788991;1.115427;0.44237113
2022;2;0.76354825;1.0639321;0.4631644
2022;3;0.88959247;1.2566422;0.5225428
2022;4;0.7703609;1.0759221;0.46479955
2022;5;0.7613267;1.0130725;0.5095809
2022;6;0.8581897;1.0977968;0.61858267
2022;7;0.77835214;1.0022784;0.55442584
2022;8;0.85325915;1.1392368;0.5672815
2022;9;0.79008293;1.1141346;0.4660313
2022;10;0.9288468;1.2654366;0.592257
2022;11;0.674607;1.0207027;0.3285112
2022;12;0.76834446;1.031839;0.5048499
2023;1;0.7755153;1.1230686;0.42796206
