1;-0.17;283.2325031
2;-0.09;278.0458112
3;0.03;275.4241056
4;0.08;272.8180045
5;0.13;269.1344717
6;0.14;264.3329256
7;0.06;260.7620629
8;-0.06;259.9483117
9;-0.34;261.4238921
10;-0.74;264.0636036
11;-1.33;264.333924
12;-2;253.7131204
13;-2.71;241.7050892
14;-3.44;237.9271011
15;-4.12;231.2741784
16;-4.7;220.3501512
17;-5.27;202.404668
18;-5.67;189.9793894
19;-5.93;190.1074283
20;-6.14;192.169303
21;-6.26;189.7931901
22;-6.28;188.0875268
23;-6.25;189.2418773
24;-6.23;186.4899324
25;-6.12;182.3195471
26;-5.97;184.8476733
27;-5.94;188.7631325
28;-5.89;190.63145
29;-5.92;191.6845971
30;-5.83;189.0434391
31;-5.74;188.1951137
32;-5.63;193.9327499
33;-5.58;196.3005445
34;-5.56;196.5437869
35;-5.58;201.022959
36;-5.59;201.9041835
37;-5.62;206.6676677
38;-5.72;209.8705759
39;-5.75;205.0445293
40;-5.81;197.8397251
41;-5.8;200.8908814
42;-5.73;202.3113073
43;-5.63;203.755657
44;-5.43;204.3948076
45;-5.35;210.885274
46;-5.28;217.9821513
47;-5.3;211.4478347
48;-5.3;204.9041342
49;-5.21;202.3093056
50;-5.11;204.8010855
51;-4.95;209.0480693
52;-4.83;216.0019123
53;-4.8;221.5066284
54;-4.8;219.8526536
55;-4.88;214.2065216
56;-4.92;210.8704457
57;-5.08;215.1594171
58;-5.21;222.3265238
59;-5.46;226.7309836
60;-5.65;218.7183419
61;-5.8;211.8669255
62;-5.89;206.7026764
63;-6.01;200.8946613
64;-6.06;199.1342938
65;-6.12;201.9515994
66;-5.99;202.3906083
67;-5.82;204.1776505
68;-5.59;202.2654138
69;-5.34;205.8512091
70;-5.03;215.6998871
71;-4.61;228.5811725
72;-4.31;236.3131163
73;-4.01;232.4122333
74;-3.7;234.0775942
75;-3.3;243.2147783
76;-2.97;244.6721279
77;-2.79;233.5884789
78;-2.61;225.9935395
79;-2.47;227.5725159
80;-2.36;232.1609449
81;-2.31;232.3623551
82;-2.34;237.3381995
83;-2.34;244.8169069
84;-2.39;246.8458913
85;-2.56;237.7639667
86;-2.72;228.4564452
87;-2.85;222.3637205
88;-2.89;220.9215568
89;-2.82;225.5928394
90;-2.82;229.2298811
91;-2.77;231.2283741
92;-2.68;232.779714
93;-2.6;234.251637
94;-2.42;238.527604
95;-2.24;242.8745184
96;-2.07;245.5452396
97;-1.89;243.4445242
98;-1.72;241.1707004
99;-1.61;243.059311
100;-1.55;245.4469701
101;-1.5;245.0946121
102;-1.56;240.9899198
103;-1.6;239.6988748
104;-1.75;242.5621381
105;-1.82;245.3672633
106;-1.94;247.1910545
107;-2.06;243.7588004
108;-2.15;239.1865575
109;-2.22;241.9663304
110;-2.23;244.943137
111;-1.93;249.9415128
112;-1.52;258.7113084
113;-1.12;261.7021436
114;-0.77;265.9655061
115;-0.48;273.180718
116;-0.12;274.3468087
117;0.28;274.1924296
118;0.67;274.8852767
119;1.1;272.880401
120;1.54;272.6160423
121;1.85;276.372648
122;1.98;278.1681049
123;1.99;277.7054035
124;1.78;277.1790771
125;1.49;277.0228076
126;1.18;275.2722975
127;0.75;275.6035243
128;0.27;277.3401774
129;-0.3;272.3433744
130;-0.94;259.6922141
131;-1.74;247.4633172
132;-2.33;236.157611
133;-2.91;227.9801152
134;-3.53;222.0028201
135;-4.1;215.5419483
136;-4.55;207.0976499
137;-4.83;201.8258751
138;-5;199.2807666
139;-5.13;197.2089469
140;-5.19;195.4721144
141;-5.25;194.9863649
142;-5.24;195.5866783
143;-5.34;195.5507957
144;-5.48;195.3005323
145;-5.58;195.0153404
146;-5.71;194.6733495
147;-5.79;195.2409682
148;-5.82;197.3339463
149;-5.54;199.6553851
150;-5.45;201.3695734
151;-5.28;202.0464086
152;-5.24;201.5642812
153;-5.34;199.4584721
154;-5.21;197.3536828
155;-5.13;195.2345411
156;-5.12;192.5711966
157;-5.27;190.1218653
158;-5.2;188.3691499
159;-5.12;187.4732319
160;-5.09;187.0756493
161;-5.07;187.5820382
162;-5;194.031564
163;-4.92;200.1579689
164;-4.96;199.3730027
165;-4.98;196.2053699
166;-4.96;192.0618364
167;-4.97;189.4656976
168;-4.88;188.4430453
169;-4.82;189.3664443
170;-4.67;191.9718398
171;-4.71;195.5494828
172;-4.7;197.4242794
173;-4.72;197.620853
174;-4.79;197.0381183
175;-4.7;195.4956764
176;-4.56;193.1395364
177;-4.46;191.4729434
178;-4.43;192.0986919
179;-4.46;198.1040165
180;-4.49;207.3522544
181;-4.53;211.4568299
182;-4.64;210.6508366
183;-4.7;206.3337988
184;-4.64;202.1767372
185;-4.54;201.139996
186;-4.33;202.9403144
187;-4.04;206.5614774
188;-3.73;212.9444066
189;-3.5;220.4956358
190;-3.41;226.054209
191;-3.25;226.4969284
192;-3.17;223.8481047
193;-2.89;221.5326345
194;-3.08;221.7952492
195;-2.82;223.2059978
196;-2.36;224.7725591
197;-2.06;229.6042018
198;-1.93;235.173983
199;-1.89;238.8409271
200;-1.7;242.615465
201;-1.82;246.2812901
202;-1.67;245.6379851
203;-1.49;244.0154548
204;-1.41;241.1484411
205;-1.41;236.461797
206;-1.47;233.0141446
207;-1.42;232.3818848
208;-1.35;234.6334993
209;-1.27;238.4615482
210;-1.21;242.6303677
211;-1.11;245.7782031
212;-0.96;247.2637269
213;-0.95;247.5690471
214;-0.82;246.5204828
215;-0.6;244.7445222
216;-0.52;244.8673813
217;-0.54;246.3588661
218;-0.62;246.5066752
219;-0.84;242.4575078
220;-1.06;229.4685462
221;-1.47;216.6656048
222;-1.81;211.8308443
223;-2.39;209.3345275
224;-2.77;207.6515078
225;-3.11;208.1206096
226;-3.28;213.4919527
227;-3.31;221.4826482
228;-3.3;228.0563013
229;-3.09;230.3739557
230;-2.97;230.524589
231;-2.46;232.4365861
232;-2.13;235.2872207
233;-1.78;237.5665492
234;-1.59;241.1364377
235;-1.32;245.6850544
236;-1.07;246.0824888
237;-1.08;245.2903156
238;-1.19;244.7753558
239;-1.4;245.9839945
240;-1.71;249.8150583
241;-1.95;257.409832
242;-2.22;265.8713783
243;-2.53;267.604856
244;-2.92;259.8845271
245;-3.37;248.6422444
246;-3.85;238.4737597
247;-4.35;229.8133133
248;-4.65;221.6361977
249;-4.84;214.9398134
250;-5.05;209.3998257
251;-5.12;205.3104922
252;-5.02;203.2483236
253;-4.99;200.4650348
254;-5.11;197.8822434
255;-5.02;197.5051079
256;-5.01;199.4472908
257;-5;201.3744397
258;-5.01;202.814182
259;-4.81;204.4200834
260;-4.81;206.4347214
261;-4.71;208.1137138
262;-4.57;209.9150266
263;-4.81;213.3785421
264;-5.08;217.8789671
265;-5.14;215.5109244
266;-5.31;208.2111028
267;-5.17;201.9798868
268;-5.1;195.6218544
269;-5.1;192.151024
270;-5.07;192.6002599
271;-5.31;192.804065
272;-5.3;191.033819
273;-5.2;190.6760917
274;-5.19;192.3946144
275;-5.04;194.3421356
276;-4.79;195.7057855
277;-4.58;196.7732171
278;-4.55;199.2394258
279;-4.52;203.4082775
280;-4.41;208.0214365
281;-4.21;212.6759981
282;-3.99;217.5897056
283;-3.63;223.0628201
284;-3.16;227.7767543
285;-2.83;228.9639911
286;-2.59;228.8262127
287;-2.52;229.4045481
288;-2.61;230.1780116
289;-3;230.0219927
290;-3.37;226.9388367
291;-3.6;221.7878674
292;-3.8;215.4351452
293;-4.12;209.9222906
294;-4.45;208.2603716
295;-4.49;209.3781168
296;-4.39;211.5310759
297;-4.27;214.3755829
298;-4.12;218.9599
299;-3.96;223.7653836
300;-3.84;228.4774958
301;-3.8;233.2095243
302;-3.66;236.4908754
303;-3.56;238.2054493
304;-3.29;240.3882717
305;-3.22;243.4133272
306;-2.91;245.076801
307;-2.74;242.6472585
308;-2.62;236.1295243
309;-2.51;230.7059035
310;-2.37;230.2441337
311;-2.2;233.3740376
312;-2.24;238.063794
313;-2.17;243.2645692
314;-2.08;248.7415053
315;-1.95;253.1957153
316;-1.83;255.7204685
317;-1.79;256.2915312
318;-1.72;253.0148145
319;-1.61;247.2049625
320;-1.44;245.3194734
321;-1.22;248.3900454
322;-0.99;252.2511895
323;-0.66;256.1582009
324;-0.5;258.9991674
325;-0.28;260.802045
326;-0.02;262.7004447
327;0.17;264.8888758
328;0.19;267.2841432
329;0.14;269.6415706
330;0.24;270.8342661
331;0.25;270.7602537
332;0.39;272.678363
333;0.31;277.6160162
334;0.11;282.7744667
335;-0.31;285.1386334
336;-0.79;282.5791595
337;-1.32;274.7897196
338;-1.8;263.1228573
339;-2.06;250.6230279
340;-2.44;242.0645149
341;-3.12;238.7909027
342;-3.63;236.5256543
343;-4.21;226.8091582
344;-4.73;214.4093946
345;-5;207.2977469
346;-5.23;206.4687298
347;-5.27;209.0482573
348;-5.39;213.1678531
349;-5.45;217.1795955
350;-5.5;219.6103969
351;-5.59;220.0552526
352;-5.67;218.533491
353;-5.55;215.6812546
354;-5.57;212.5868201
355;-5.59;210.4219989
356;-5.52;209.1122002
357;-5.51;205.0790527
358;-5.46;195.6443483
359;-5.46;191.4804728
360;-5.43;189.0603632
361;-5.7;187.0531003
362;-5.84;186.3500944
363;-6.03;187.9943647
364;-6.07;194.2741198
365;-6.17;199.759248
366;-6.08;202.0562131
367;-5.85;204.6775517
368;-5.76;205.9675307
369;-5.64;205.6199638
370;-5.41;203.3379399
371;-5.25;201.8911611
372;-5.29;201.4571129
373;-5.35;202.1618371
374;-5.33;205.9748131
375;-5.11;212.228964
376;-4.88;218.518175
377;-4.67;223.5652583
378;-4.59;226.7891833
379;-4.55;228.5346092
380;-4.44;229.1245054
381;-4.28;228.253065
382;-4.27;228.5084022
383;-4.07;230.9209496
384;-3.87;234.9164445
385;-3.97;238.3650118
386;-3.88;240.4547018
387;-3.61;242.8311841
388;-3.41;245.0535728
389;-3.36;246.0613002
390;-3.23;247.8604075
391;-3.15;254.7001985
392;-3.11;259.867996
393;-2.69;262.643942
394;-2.24;264.7424415
395;-2;265.1094138
396;-1.87;265.6969301
397;-1.43;272.4900897
398;-1.21;276.4572218
399;-1.08;277.9083324
400;-0.88;279.5342879
401;-0.63;280.6087758
402;-0.17;280.1581492
403;0.01;278.7841987
404;0.01;278.2350702
405;0.3;279.0947605
406;0.33;280.737683
407;0.34;282.2339092
408;0.54;282.356246
409;0.57;281.1403711
410;0.52;280.7030674
411;0.39;281.0179058
412;0.45;279.0411681
413;0.32;273.7997437
414;0.15;271.0422454
415;0.06;271.4899417
416;-0.04;272.6792761
417;-0.07;273.1120791
418;-0.15;273.1625344
419;-0.32;273.0763463
420;-0.49;272.5293654
421;-0.77;271.2003393
422;-1.23;269.5289267
423;-1.47;268.7629018
424;-1.85;268.5976013
425;-2.5;267.9954797
426;-3.12;265.8472185
427;-3.39;261.1098677
428;-3.64;254.1837849
429;-3.96;247.0790838
430;-4.1;237.9186019
431;-4.36;227.5587874
432;-4.36;222.2334228
433;-4.59;216.816022
434;-4.55;211.8307149
435;-4.76;209.743298
436;-4.94;208.9295487
437;-5.04;207.5372291
438;-5.19;204.9772619
439;-5.14;202.4437634
440;-5.07;201.4402557
441;-4.89;201.4249017
442;-4.6;201.4795492
443;-4.43;201.4542793
444;-4.4;201.057083
445;-4.43;200.3736059
446;-4.79;200.411651
447;-4.81;201.6381635
448;-4.76;203.266096
449;-4.89;204.4720805
450;-4.96;204.2223013
451;-4.83;203.1094066
452;-4.87;202.6892164
453;-4.99;202.3475656
454;-4.99;200.6669338
455;-5.23;197.8967958
456;-5.14;196.2940825
457;-5.2;197.8690568
458;-5.44;200.8553289
459;-5.43;202.8744611
460;-6.43;202.2689974
461;-6.28;198.612624
462;-5.98;195.1307345
463;-5.74;195.451332
464;-5.74;199.4709237
465;-5.77;203.6213049
466;-5.83;205.9643888
467;-5.98;206.2419923
468;-6.09;205.3221194
469;-6.12;205.8914562
470;-6.06;209.6227967
471;-5.99;216.3166225
472;-5.9;225.3760435
473;-5.92;234.174658
474;-5.87;239.393869
475;-5.79;239.7499714
476;-5.91;236.8654225
477;-5.78;235.1786162
478;-5.48;234.8606404
479;-5.41;232.6477423
480;-5.19;228.67095
481;-4.89;225.1365062
482;-4.52;224.3498491
483;-4.14;226.4265243
484;-3.54;229.1017764
485;-3.36;230.9539606
486;-3.29;232.0532032
487;-3.21;233.4006663
488;-3.05;236.5671805
489;-2.84;241.1491859
490;-2.63;244.2745352
491;-2.29;245.1735843
492;-2.22;244.4463776
493;-2;242.5602558
494;-1.88;240.3811993
495;-2.01;238.8553304
496;-2.21;237.8427521
497;-2.27;236.686836
498;-2.3;234.9594115
499;-2.4;232.8124691
500;-2.4;231.0516205
501;-2.35;230.3231091
502;-2.27;230.6591089
503;-2.44;231.5413131
504;-2.32;232.5377216
505;-2.36;233.5846451
506;-2.37;234.7083258
507;-2.29;235.910109
508;-2.25;236.9704998
509;-2.34;237.4436341
510;-2.48;237.0073485
511;-2.65;236.4124352
512;-2.86;236.9431533
513;-2.99;238.3075819
514;-3.19;239.4435452
515;-3.1;240.6850515
516;-3.06;242.6492606
517;-3.15;244.612794
518;-3.26;245.6507746
519;-3.2;245.9292321
520;-3.25;245.8667295
521;-3.15;245.3400729
522;-3.12;244.0262821
523;-2.97;241.170874
524;-2.92;238.4323957
525;-2.69;236.1280504
526;-2.69;233.4319907
527;-2.81;230.2874637
528;-2.94;227.0870392
529;-3.13;224.2590823
530;-3.23;221.8811645
531;-3.34;219.1215668
532;-3.32;214.8244465
533;-3.58;209.0044012
534;-3.59;202.5462338
535;-3.87;197.7278321
536;-4.15;196.4842026
537;-4.08;198.5308695
538;-4.34;202.2620896
539;-4.74;205.8329667
540;-4.99;208.6878872
541;-5.13;209.8512285
542;-5.16;208.5543071
543;-5.11;206.5502978
544;-5.11;206.3091924
545;-5;207.7537999
546;-4.94;209.0041576
547;-5.04;208.9449914
548;-5.13;207.7637366
549;-5.14;207.3678354
550;-5.04;209.5296634
551;-4.96;214.0191022
552;-4.94;218.9750394
553;-4.77;221.7363025
554;-4.75;223.3184905
555;-4.59;227.1596195
556;-4.43;234.820362
557;-4.36;240.5185232
558;-4.43;241.3708948
559;-4.27;238.1097141
560;-3.88;233.7330417
561;-3.71;232.2813009
562;-3.63;234.554945
563;-3.6;239.0960365
564;-3.56;244.3425169
565;-3.53;248.8493479
566;-3.57;251.741554
567;-3.43;253.0070751
568;-3.38;253.0283726
569;-3.36;252.2583689
570;-2.98;251.406728
571;-2.38;250.7498827
572;-1.96;249.9996375
573;-1.45;249.5265161
574;-1.19;249.9545283
575;-0.99;250.8118116
576;-0.84;251.3489326
577;-0.81;251.3755945
578;-0.8;250.566483
579;-0.58;247.8495203
580;-0.73;242.1248361
581;-1.13;233.7689715
582;-1.26;224.1602332
583;-1.2;216.1228492
584;-1.38;212.044256
585;-1.41;214.5925727
586;-1.46;224.9638137
587;-1.52;231.2313233
588;-1.64;236.8961476
589;-1.77;242.0930893
590;-1.92;243.5696305
591;-1.91;240.093034
592;-1.76;234.2702339
593;-1.65;232.4435042
594;-1.72;233.3239754
595;-1.55;231.6722472
596;-1.72;226.3217218
597;-1.73;221.3113299
598;-1.69;220.5187641
599;-1.47;223.3002021
600;-1.45;227.1829568
601;-1.44;231.2680688
602;-1.27;234.9879692
603;-1.09;237.8184401
604;-0.91;240.3507747
605;-1.01;243.3550668
606;-1.15;246.7596237
607;-1.15;250.4846322
608;-1;254.2566773
609;-1.02;257.0009009
610;-0.99;258.1466819
611;-0.96;258.3861243
612;-0.87;258.2559575
613;-0.91;257.4546313
614;-0.89;255.6886551
615;-1.06;253.8805336
616;-1.18;252.9736659
617;-1.19;252.3957385
618;-1.12;251.0736592
619;-0.98;248.7804171
620;-1.07;246.5024682
621;-1.17;244.4551276
622;-1.48;242.6839234
623;-1.79;241.0415409
624;-1.88;238.2980655
625;-1.96;233.5254968
626;-2.22;226.755959
627;-2.66;217.8368742
628;-2.83;208.7698775
629;-3.19;203.6224166
630;-3.62;201.9871573
631;-3.89;200.6565203
632;-4.03;198.5446305
633;-4.17;196.2393971
634;-4.21;194.9343139
635;-4.2;194.753735
636;-4.32;194.7008476
637;-4.5;194.414239
638;-4.67;193.2417288
639;-4.75;191.1389697
640;-4.74;190.1641501
641;-4.69;190.5612067
642;-4.66;191.4444835
643;-4.56;192.5463266
644;-4.49;193.8428809
645;-4.25;193.970861
646;-3.91;192.7968143
647;-3.67;192.2175139
648;-3.67;192.9444335
649;-3.63;193.2926639
650;-3.81;192.3344826
651;-3.85;190.7519211
652;-4.04;189.6141997
653;-4.23;190.4315493
654;-4.54;193.2872064
655;-4.61;196.0762278
656;-4.57;195.9183943
657;-4.61;192.8340641
658;-4.59;189.6373603
659;-4.65;187.9838854
660;-4.73;188.6302995
661;-4.7;190.3686244
662;-4.79;191.2441541
663;-4.88;190.888488
664;-4.78;189.1262856
665;-4.74;185.5814185
666;-4.43;180.8797401
667;-4.15;177.7290231
668;-4.03;178.6762333
669;-3.94;183.1473571
670;-4.18;188.7044526
671;-4.33;193.0489531
672;-4.53;196.0053452
673;-4.22;199.5485338
674;-4.21;204.8430113
675;-4.15;210.7811335
676;-4.08;216.0570483
677;-3.94;219.0776041
678;-3.92;221.3977785
679;-3.97;225.2830347
680;-3.95;228.446114
681;-4.01;228.1109289
682;-3.86;225.1263098
683;-3.77;222.8382005
684;-3.76;222.5351127
685;-3.74;222.5687083
686;-3.65;222.6048304
687;-3.64;223.7963955
688;-3.62;226.3861029
689;-3.49;229.8081258
690;-2.98;233.4852746
691;-3.03;236.7705473
692;-2.76;239.0012079
693;-2.51;239.8553583
694;-2.31;239.7329571
695;-2.35;239.2278612
696;-2.37;238.8854216
697;-1.99;239.1314834
698;-1.55;239.5706456
699;-1.65;239.2242317
700;-1.73;237.717208
701;-1.63;235.4734798
702;-1.72;233.4635776
703;-1.5;232.7010274
704;-1.31;233.2897719
705;-1.22;234.5704595
706;-0.98;235.6089851
707;-1.2;235.6008886
708;-1.24;234.4406961
709;-1.29;232.428184
710;-1.57;229.621911
711;-1.97;226.8747777
712;-2.31;225.314268
713;-2.76;225.0731638
714;-3.27;224.9154463
715;-3.3;222.3565129
716;-3.52;215.9628301
717;-3.69;207.0677934
718;-3.81;200.5857542
719;-3.93;201.8439222
720;-3.96;208.7190952
721;-3.95;214.4102607
722;-3.95;215.8193168
723;-3.97;214.5265135
724;-3.89;212.9659184
725;-3.96;211.9258259
726;-3.93;211.3342707
727;-3.83;210.9346937
728;-3.68;210.6509864
729;-3.67;210.6785029
730;-3.55;210.8589477
731;-3.55;210.9963791
732;-3.47;210.9331498
733;-3.48;211.0489886
734;-3.39;212.366507
735;-3.15;213.9483886
736;-2.98;213.1686748
737;-2.87;208.5516813
738;-2.98;200.462455
739;-3.05;191.8625074
740;-3.17;186.9994656
741;-3.15;186.1871523
742;-3.15;187.0912814
743;-3.14;187.8689381
744;-3.01;188.1911684
745;-3.17;188.3355195
746;-3.18;188.4548502
747;-3.31;188.4352608
748;-3.34;188.445498
749;-3.62;189.073882
750;-3.79;190.4409578
751;-4.14;192.2148538
752;-4.58;194.4870429
753;-5.23;197.1161781
754;-5.68;199.6415111
755;-5.74;202.3544792
756;-5.77;205.9755039
757;-5.54;210.7896536
758;-5.22;216.7152712
759;-4.88;221.4774434
760;-4.35;223.0801209
761;-4.02;221.8223279
762;-3.62;219.0369517
763;-3.39;218.4579376
764;-3.19;222.0368898
765;-3.08;226.2936923
766;-3.09;228.4410837
767;-3.07;228.0780814
768;-3.3;226.099464
769;-3.43;225.8787345
770;-3.22;229.3864255
771;-3.45;234.5374303
772;-3.46;238.7256514
773;-3.28;240.9846961
774;-2.85;241.3730923
775;-2.62;241.7397825
776;-2.51;244.1132222
777;-2.42;247.4476732
778;-2.33;250.6254474
779;-2.1;252.9280986
780;-2.14;253.9435609
781;-1.9;254.35435
782;-1.92;255.0079072
783;-2.14;256.2017273
784;-2.08;257.8727842
785;-2.2;259.7104383
786;-2.45;261.7269065
787;-2.59;262.3980558
788;-2.78;258.5269174
789;-2.99;249.5843383
790;-3.22;238.9904221
791;-4.14;230.3050314
792;-5.15;223.3135763
793;-5.44;217.9819952
794;-5.58;213.9809699
795;-5.86;209.2557424
796;-6.04;204.2444086
797;-6.25;200.8146991
798;-6.53;199.5895997
799;-6.82;199.620448
800;-6.95;199.4462183
801;-7.18;199.386654
802;-7.21;200.7505923
803;-7.07;202.5350006
804;-6.23;203.6901819
805;-6.14;204.3633739
806;-6.1;
807;-6.11;
808;-5.79;
809;-5.67;
810;-5.64;
811;-5.22;
812;-4.99;
813;-4.78;
814;-4.54;
815;-4.12;
816;-4.06;
817;-4.05;
818;-3.96;
819;-3.95;
820;-3.73;
821;-3.65;
822;-3.58;
823;-2.88;
824;-2.37;
825;-2.15;
826;-2.03;
827;-2.15;
828;-2.26;
829;-2.44;
830;-2.72;
831;-3.01;
832;-3.11;
833;-3.13;
834;-3.28;
835;-3.23;
836;-3.35;
837;-3.51;
838;-3.4;
839;-3.4;
840;-3.3;
841;-3.12;
842;-2.83;
843;-2.69;
844;-2.7;
845;-2.72;
846;-2.75;
847;-2.83;
848;-2.97;
849;-3.02;
850;-2.85;
851;-2.5;
852;-2.17;
853;-1.98;
854;-2.01;
855;-1.81;
856;-1.67;
857;-1.56;
858;-1.48;
859;-1.75;
860;-1.7;
861;-1.59;
862;-1.59;
863;-1.69;
864;-1.6;
865;-1.73;
866;-1.95;
867;-1.93;
868;-2.31;
869;-2.82;
870;-3.23;
871;-3.69;
872;-4.15;
873;-4.2;
874;-4.53;
875;-4.41;
876;-4.3;
877;-4.22;
878;-4.35;
879;-4.4;
880;-4.58;
881;-4.64;
882;-4.17;
883;-4.3;
884;-4.27;
885;-4.19;
886;-4.09;
887;-4.15;
888;-4.26;
889;-4.41;
890;-4.39;
891;-4.63;
892;-4.67;
893;-4.7;
894;-5.23;
895;-5.54;
896;-5.51;
897;-5.55;
898;-5.47;
899;-5.36;
900;-5.31;
901;-4.88;
902;-4.5;
903;-4.45;
904;-4.32;
905;-4.36;
906;-4.59;
907;-4.69;
908;-4.24;
909;-4.08;
910;-4.05;
911;-4.03;
912;-4.16;
913;-4.47;
914;-4.81;
915;-5.22;
916;-5.45;
917;-5.52;
918;-5.95;
919;-6.03;
920;-6.2;
921;-6.2;
922;-6.39;
923;-6.39;
924;-6.29;
925;-6.11;
926;-6.03;
927;-5.91;
928;-5.85;
929;-5.82;
930;-5.44;
931;-4.9;
932;-4.64;
933;-4.36;
934;-4;
935;-3.85;
936;-3.89;
937;-4.04;
938;-4.06;
939;-3.93;
940;-3.9;
941;-3.47;
942;-2.6;
943;-2.38;
944;-2.31;
945;-1.89;
946;-1.71;
947;-1.36;
948;-1.14;
949;-1.07;
950;-0.62;
951;-0.13;
952;0.15;
953;0.45;
954;0.56;
955;0.26;
956;0.32;
957;0.11;
958;0.02;
959;-0.8;
960;-1.71;
961;-2.04;
962;-2.31;
963;-2.77;
964;-3;
965;-3.44;
966;-3.88;
967;-4.21;
968;-4.33;
969;-4.45;
970;-3.94;
971;-3.72;
972;-3.33;
973;-3.21;
974;-3.15;
975;-3.1;
976;-2.72;
977;-2.66;
978;-2.6;
979;-2.42;
980;-2.56;
981;-2.88;
982;-2.95;
983;-3.15;
984;-3.25;
985;-3.14;
986;-3.23;
987;-3.41;
988;-3.27;
989;-3.06;
990;-3.17;
991;-2.93;
992;-2.85;
993;-2.53;
994;-2.41;
995;-2.3;
996;-2.31;
997;-2.3;
998;-2.28;
999;-2.55;
1000;-2.74;
1001;-2.97;
1002;-3.29;
1003;-3.42;
1004;-3.58;
1005;-3.63;
1006;-3.78;
1007;-3.88;
1008;-4.09;
1009;-4.19;
1010;-4.32;
1011;-4.27;
1012;-4.23;
1013;-3.97;
1014;-3.69;
1015;-3.4;
1016;-3.3;
1017;-3.14;
1018;-2.96;
1019;-2.8;
1020;-2.63;
1021;-2.51;
1022;-2.32;
1023;-1.88;
1024;-1.68;
1025;-1.52;
1026;-1.36;
1027;-1.69;
1028;-1.68;
1029;-1.88;
1030;-1.96;
1031;-2.04;
1032;-2.28;
1033;-2.44;
1034;-2.74;
1035;-2.61;
1036;-2.72;
1037;-3.1;
1038;-3.63;
1039;-3.73;
1040;-3.96;
1041;-4.08;
1042;-4.17;
1043;-4.5;
1044;-4.6;
1045;-4.61;
1046;-4.68;
1047;-5.03;
1048;-5.26;
1049;-5.35;
1050;-5.24;
1051;-5.33;
1052;-4.75;
1053;-4.69;
1054;-4.37;
1055;-4.25;
1056;-4.12;
1057;-4.11;
1058;-3.96;
1059;-3.6;
1060;-3.3;
1061;-2.85;
1062;-2.75;
1063;-2.69;
1064;-2.28;
1065;-2.24;
1066;-1.92;
1067;-1.77;
1068;-1.35;
1069;-1.49;
1070;-1.08;
1071;-1.06;
1072;-0.96;
1073;-0.92;
1074;-0.84;
1075;-0.92;
1076;-0.43;
1077;-0.48;
1078;-0.7;
1079;-0.75;
1080;-0.94;
1081;-0.93;
1082;-0.94;
1083;-1.08;
1084;-1.19;
1085;-1.09;
1086;-0.95;
1087;-1.1;
1088;-1.17;
1089;-1.48;
1090;-1.77;
1091;-2.03;
1092;-2.42;
1093;-2.49;
1094;-2.85;
1095;-3.04;
1096;-3.38;
1097;-3.39;
1098;-3.34;
1099;-3.53;
1100;-3.33;
1101;-3.36;
1102;-3.62;
1103;-3.63;
1104;-3.81;
1105;-3.93;
1106;-3.6;
1107;-3.59;
1108;-3.24;
1109;-3.03;
1110;-2.95;
1111;-3;
1112;-2.98;
1113;-3.02;
1114;-3.77;
1115;-4.4;
1116;-4.48;
1117;-4.69;
1118;-5.12;
1119;-5.33;
1120;-5.36;
1121;-5.57;
1122;-5.57;
1123;-5.58;
1124;-5.74;
1125;-5.54;
1126;-5.03;
1127;-5;
1128;-5.32;
1129;-5.64;
1130;-5.89;
1131;-5.92;
1132;-6.08;
1133;-5.94;
1134;-5.92;
1135;-5.76;
1136;-5.76;
1137;-5.39;
1138;-5.6;
1139;-5.5;
1140;-5.64;
1141;-5.59;
1142;-5.5;
1143;-5.38;
1144;-5.21;
1145;-5.01;
1146;-4.93;
1147;-4.82;
1148;-4.66;
1149;-4.53;
1150;-4.61;
1151;-4.48;
1152;-4.59;
1153;-4.65;
1154;-4.73;
1155;-4.74;
1156;-4.77;
1157;-4.61;
1158;-4.29;
1159;-3.32;
1160;-2.53;
1161;-2.06;
1162;-1.91;
1163;-1.84;
1164;-1.95;
1165;-1.79;
1166;-1.86;
1167;-1.77;
1168;-1.79;
1169;-1.81;
1170;-1.93;
1171;-1.67;
1172;-1.62;
1173;-1.79;
1174;-1.7;
1175;-1.55;
1176;-1.78;
1177;-1.71;
1178;-1.71;
1179;-1.53;
1180;-1.42;
1181;-1.38;
1182;-1.44;
1183;-1.4;
1184;-1.34;
1185;-1.17;
1186;-1.22;
1187;-1.12;
1188;-0.97;
1189;-0.98;
1190;-1.02;
1191;-1.18;
1192;-1.48;
1193;-1.77;
1194;-1.85;
1195;-2.11;
1196;-2.6;
1197;-2.43;
1198;-2.75;
1199;-2.83;
1200;-2.69;
1201;-2.69;
1202;-3.06;
1203;-3.34;
1204;-3.8;
1205;-3.95;
1206;-3.85;
1207;-3.68;
1208;-3.43;
1209;-3.37;
1210;-3.39;
1211;-3.36;
1212;-3.32;
1213;-3.51;
1214;-3.59;
1215;-3.62;
1216;-3.99;
1217;-4.04;
1218;-4.1;
1219;-4.27;
1220;-3.97;
1221;-3.75;
1222;-3.49;
1223;-3.54;
1224;-3.24;
1225;-3.35;
1226;-2.59;
1227;-1.72;
1228;-1.44;
1229;-1.25;
1230;-1.17;
1231;-0.94;
1232;-0.8;
1233;-0.94;
1234;-0.49;
1235;-0.35;
1236;-0.46;
1237;-0.4;
1238;-0.44;
1239;-0.49;
1240;-0.62;
1241;-0.7;
1242;-0.89;
1243;-0.95;
1244;-1.22;
1245;-1.28;
1246;-2.68;
1247;-2.95;
1248;-3.15;
1249;-3.68;
1250;-3.81;
1251;-3.87;
1252;-4.27;
1253;-4.58;
1254;-4.96;
1255;-5.41;
1256;-5.79;
1257;-6.04;
1258;-6.24;
1259;-5.96;
1260;-6.13;
1261;-6.2;
1262;-6.28;
1263;-6.13;
1264;-6.01;
1265;-5.13;
1266;-4.82;
1267;-4.25;
1268;-4.09;
1269;-3.86;
1270;-3.79;
1271;-3.83;
1272;-3.72;
1273;-3.78;
1274;-3.27;
1275;-2.97;
1276;-2.38;
1277;-2.34;
1278;-2.28;
1279;-2.28;
1280;-2.62;
1281;-2.57;
1282;-2.6;
1283;-2.58;
1284;-2.65;
1285;-2.46;
1286;-2.58;
1287;-2.51;
1288;-2.59;
1289;-2.61;
1290;-2.82;
1291;-2.84;
1292;-3.06;
1293;-3.36;
1294;-3.67;
1295;-3.97;
1296;-4.11;
1297;-4.21;
1298;-4.45;
1299;-4.39;
1300;-4.1;
1301;-3.66;
1302;-3.43;
1303;-3.46;
1304;-3.56;
1305;-3.46;
1306;-3.35;
1307;-3.11;
1308;-2.94;
1309;-2.82;
1310;-2.72;
1311;-2.42;
1312;-2.37;
1313;-1.94;
1314;-1.91;
1315;-1.49;
1316;-1.22;
1317;-0.79;
1318;-0.44;
1319;-0.44;
1320;-0.37;
1321;-0.27;
1322;-0.12;
1323;-0.23;
1324;-0.41;
1325;-0.39;
1326;-0.53;
1327;-0.75;
1328;-0.97;
1329;-1.07;
1330;-1.53;
1331;-1.63;
1332;-1.73;
1333;-1.93;
1334;-1.97;
1335;-2.29;
1336;-2.43;
1337;-2.46;
1338;-2.66;
1339;-2.87;
1340;-3;
1341;-2.91;
1342;-3.01;
1343;-3;
1344;-2.77;
1345;-2.78;
1346;-2.5;
1347;-2.27;
1348;-2.13;
1349;-1.65;
1350;-1.87;
1351;-1.8;
1352;-1.53;
1353;-1.42;
1354;-0.73;
1355;-0.31;
1356;-0.01;
1357;0.04;
1358;0.25;
1359;0.43;
1360;0.54;
1361;0.7;
1362;0.68;
1363;0.6;
1364;0.34;
1365;0.19;
1366;-0.19;
1367;-0.59;
1368;-0.84;
1369;-1.07;
1370;-1.62;
1371;-1.82;
1372;-2.14;
1373;-2.46;
1374;-2.8;
1375;-3.11;
1376;-3.22;
1377;-3.7;
1378;-4.26;
1379;-4.46;
1380;-4.24;
1381;-4.07;
1382;-3.96;
1383;-3.78;
1384;-3.68;
1385;-3.76;
1386;-3.64;
1387;-3.55;
1388;-3.43;
1389;-3.13;
1390;-3.04;
1391;-2.67;
1392;-2.67;
1393;-2.55;
1394;-2.12;
1395;-1.86;
1396;-1.77;
1397;-1.35;
1398;-1.17;
1399;-1.21;
1400;-1.28;
1401;-1.33;
1402;-1.15;
1403;-1.32;
1404;-1.56;
1405;-1.5;
1406;-1.78;
1407;-1.67;
1408;-1.71;
1409;-1.85;
1410;-2.21;
1411;-1.86;
1412;-2;
1413;-2.1;
1414;-2.15;
1415;-2.28;
1416;-2.73;
1417;-2.77;
1418;-2.94;
1419;-2.94;
1420;-2.75;
1421;-2.48;
1422;-2.4;
1423;-2.12;
1424;-2.06;
1425;-2.4;
1426;-2.44;
1427;-2.45;
1428;-2.36;
1429;-2.17;
1430;-1.94;
1431;-1.86;
1432;-1.74;
1433;-1.4;
1434;-0.91;
1435;-0.71;
1436;-0.45;
1437;-0.41;
1438;-0.35;
1439;-0.42;
1440;-0.54;
1441;-0.5;
1442;-0.63;
1443;-0.73;
1444;-0.74;
1445;-0.76;
1446;-0.5;
1447;-0.44;
1448;-0.31;
1449;-0.14;
1450;-0.4;
1451;-0.27;
1452;-0.63;
1453;-0.93;
1454;-0.95;
1455;-1.34;
1456;-1.88;
1457;-2.02;
1458;-1.94;
1459;-2.26;
1460;-2.06;
1461;-2.24;
1462;-2.25;
1463;-2.18;
1464;-2.04;
1465;-2.16;
1466;-2.01;
1467;-1.78;
1468;-2.13;
1469;-2.12;
1470;-2.08;
1471;-1.9;
1472;-1.82;
1473;-1.71;
1474;-1.27;
1475;-1.09;
1476;-1.02;
1477;-0.82;
1478;-0.5;
1479;-0.34;
1480;-0.42;
1481;0.16;
1482;0.13;
1483;0.3;
1484;0.38;
1485;0.48;
1486;0.93;
1487;0.56;
1488;0.61;
1489;0.68;
1490;0.45;
1491;0.27;
1492;0.3;
1493;0.06;
1494;-0.01;
1495;-0.49;
1496;-0.59;
1497;-0.89;
1498;-0.84;
1499;-1.09;
1500;-1.2;
1501;-1.32;
1502;-1.49;
1503;-1.69;
1504;-1.87;
1505;-1.75;
1506;-1.71;
1507;-1.54;
1508;-1.15;
1509;-0.63;
1510;-0.43;
1511;-0.58;
1512;-0.68;
1513;-0.58;
1514;-0.56;
1515;-0.75;
1516;-0.7;
1517;-0.5;
1518;-0.29;
1519;-0.39;
1520;-0.32;
1521;-0.21;
1522;-0.55;
1523;-0.51;
1524;-0.73;
1525;-0.86;
1526;-1.16;
1527;-1.36;
1528;-1.72;
1529;-2.23;
1530;-2.37;
1531;-2.75;
1532;-3.07;
1533;-3.1;
1534;-3.28;
1535;-3.59;
1536;-3.57;
1537;-3.32;
1538;-3.38;
1539;-3.26;
1540;-2.87;
1541;-2.49;
1542;-2.24;
1543;-1.95;
1544;-1.43;
1545;-1.8;
1546;-2.63;
1547;-3.1;
1548;-3.26;
1549;-3.17;
1550;-2.75;
1551;-2.47;
1552;-2.11;
1553;-1.74;
1554;-1.78;
1555;-1.69;
1556;-1.39;
1557;-1.27;
1558;-1.19;
1559;-0.69;
1560;-0.52;
1561;0.03;
1562;-0.02;
1563;0.19;
1564;-0.18;
1565;-0.16;
1566;-0.51;
1567;-0.31;
1568;-0.62;
1569;-0.5;
1570;-1.21;
1571;-1.58;
1572;-1.63;
1573;-1.85;
1574;-1.97;
1575;-2.02;
1576;-2.36;
1577;-2.7;
1578;-2.67;
1579;-2.7;
1580;-2.77;
1581;-2.4;
1582;-2.24;
1583;-2.21;
1584;-1.98;
1585;-2.25;
1586;-2.24;
1587;-2.3;
1588;-2.39;
1589;-2.56;
1590;-2.27;
1591;-2.11;
1592;-2.05;
1593;-1.92;
1594;-1.86;
1595;-2.1;
1596;-1.88;
1597;-1.98;
1598;-1.69;
1599;-1.48;
1600;-1.76;
1601;-1.15;
1602;-0.77;
1603;-0.7;
1604;-0.65;
1605;-0.23;
1606;-0.17;
1607;-0.02;
1608;0.09;
1609;-0.06;
1610;-0.24;
1611;0.03;
1612;0.06;
1613;-0.03;
1614;-0.66;
1615;-0.71;
1616;-0.64;
1617;-0.81;
1618;-0.77;
1619;-1.05;
1620;-1.1;
1621;-1.15;
1622;-1.05;
1623;-1.18;
1624;-1.28;
1625;-1.51;
1626;-1.49;
1627;-1.51;
1628;-1.34;
1629;-1.14;
1630;-0.47;
1631;-0.27;
1632;-0.12;
1633;0.14;
1634;0.34;
1635;0.11;
1636;0.09;
1637;-0.33;
1638;-0.26;
1639;-0.52;
1640;-0.58;
1641;-0.59;
1642;-1.24;
1643;-1.72;
1644;-2.06;
1645;-2.32;
1646;-2.16;
1647;-2.55;
1648;-2.84;
1649;-2.65;
1650;-2.68;
1651;-2.74;
1652;-2.7;
1653;-2.79;
1654;-2.74;
1655;-3.02;
1656;-3.06;
1657;-3.06;
1658;-2.88;
1659;-2.65;
1660;-2.74;
1661;-2.79;
1662;-2.73;
1663;-3.03;
1664;-3.08;
1665;-3.07;
1666;-3.01;
1667;-2.85;
1668;-2.62;
1669;-2.53;
1670;-2.51;
1671;-2.2;
1672;-2.23;
1673;-1.67;
1674;-1.46;
1675;-1.22;
1676;-0.76;
1677;-0.43;
1678;-0.09;
1679;-0.03;
1680;0.05;
1681;0.07;
1682;0;
1683;-0.04;
1684;0.11;
1685;0.31;
1686;0.1;
1687;0.16;
1688;-0.35;
1689;-0.48;
1690;-0.84;
1691;-1.11;
1692;-1.72;
1693;-2.28;
1694;-2.59;
1695;-2.93;
1696;-2.96;
1697;-2.49;
1698;-2.55;
1699;-2.37;
1700;-2.19;
1701;-2.17;
1702;-1.99;
1703;-1.93;
1704;-1.43;
1705;-0.95;
1706;-0.82;
1707;-1.1;
1708;-0.89;
1709;-1.12;
1710;-1.47;
1711;-1.69;
1712;-1.92;
1713;-1.89;
1714;-1.94;
1715;-1.76;
1716;-1.84;
1717;-1.68;
1718;-1.75;
1719;-2.18;
1720;-2.42;
1721;-2.52;
1722;-2.73;
1723;-2.72;
1724;-2.71;
1725;-2.52;
1726;-2.38;
1727;-2.12;
1728;-1.61;
1729;-0.88;
1730;-0.09;
1731;-0.06;
1732;-0.28;
1733;-0.2;
1734;-0.15;
1735;-0.09;
1736;-0.14;
1737;-0.42;
1738;-0.21;
1739;-0.35;
1740;-0.41;
1741;-0.44;
1742;-0.35;
1743;-0.35;
1744;-0.5;
1745;-0.68;
1746;-1.02;
1747;-1.34;
1748;-1.33;
1749;-1.32;
1750;-1.42;
1751;-1.59;
1752;-1.3;
1753;-1.37;
1754;-1.45;
1755;-1.55;
1756;-1.18;
1757;-1.41;
1758;-1.63;
1759;-1.43;
1760;-1.37;
1761;-1.1;
1762;-0.53;
1763;0.22;
1764;0.39;
1765;0.68;
1766;0.39;
1767;0.56;
1768;0.64;
1769;0.46;
1770;0.91;
1771;1.03;
1772;1.23;
1773;1.63;
1774;1.85;
1775;1.95;
1776;1.72;
1777;1.53;
1778;1.36;
1779;1.24;
1780;0.64;
1781;0.55;
1782;-0.57;
1783;-0.63;
1784;-0.61;
1785;-0.86;
1786;-1.17;
1787;-1.26;
1788;-1.12;
1789;-1.06;
1790;-1;
1791;-1.15;
1792;-1;
1793;-1.23;
1794;-0.98;
1795;-1.12;
1796;-0.96;
1797;-1.13;
1798;-0.84;
1799;-0.74;
1800;-0.77;
1801;-0.66;
1802;-0.47;
1803;-0.17;
1804;-0.01;
1805;0.51;
1806;0.52;
1807;0.49;
1808;-0.2;
1809;-0.18;
1810;0;
1811;-0.06;
1812;-0.42;
1813;-0.39;
1814;-0.52;
1815;-0.46;
1816;-0.03;
1817;-0.06;
1818;0.06;
1819;0.09;
1820;0.26;
1821;0.17;
1822;0.2;
1823;0.53;
1824;0.71;
1825;0.58;
1826;0.34;
1827;0.33;
1828;0.61;
1829;0.5;
1830;0.32;
1831;-0.04;
1832;-0.14;
1833;-0.23;
1834;-0.09;
1835;-0.15;
1836;-0.04;
1837;0.33;
1838;0.14;
1839;0.46;
1840;0.74;
1841;0.68;
1842;0.51;
1843;0.79;
1844;0.76;
1845;1.1;
1846;1.05;
1847;0.94;
1848;0.96;
1849;0.93;
1850;1.13;
1851;0.91;
1852;-0.12;
1853;-1;
1854;-0.81;
1855;-0.52;
1856;-0.88;
1857;-0.46;
1858;-0.92;
1859;-1.02;
1860;-0.92;
1861;-0.98;
1862;-0.86;
1863;-0.64;
1864;-1.04;
1865;-0.73;
1866;-0.16;
1867;-0.36;
1868;-0.62;
1869;-0.51;
1870;-0.14;
1871;0.18;
1872;-0.09;
1873;-0.11;
1874;0.07;
1875;-0.24;
1876;-0.09;
1877;-0.17;
1878;-0.03;
1879;-0.01;
1880;0.61;
1881;0.57;
1882;0.67;
1883;0.67;
1884;0.72;
1885;0.65;
1886;0.62;
1887;1.13;
1888;0.75;
1889;0.77;
1890;0.92;
1891;1;
1892;1.04;
1893;0.95;
1894;0.79;
1895;0.65;
1896;0.28;
1897;-0.22;
1898;-0.71;
1899;-0.79;
1900;-1.44;
1901;-1.29;
1902;-1.37;
1903;-1.44;
1904;-1.12;
1905;-1.23;
1906;-1.04;
1907;-0.49;
1908;-0.39;
1909;-0.22;
1910;0.43;
1911;0.37;
1912;0.3;
1913;0.11;
1914;0.05;
1915;0.13;
1916;0.09;
1917;0.14;
1918;0.04;
1919;0.17;
1920;0.37;
1921;0.69;
1922;0.73;
1923;1.13;
1924;1.51;
1925;1.26;
1926;1.36;
1927;1.12;
1928;1.17;
1929;1.24;
1930;1.52;
1931;1.76;
1932;1.43;
1933;1.55;
1934;1.14;
1935;0.51;
1936;0.49;
1937;0.45;
1938;0.07;
1939;0.26;
1940;0.43;
1941;0.44;
1942;0.18;
1943;-0.05;
1944;-0.27;
1945;-0.48;
1946;-0.71;
1947;-0.59;
1948;-0.83;
1949;-0.82;
1950;-1.19;
1951;-0.73;
1952;-0.33;
1953;-0.4;
1954;-0.41;
1955;-0.06;
1956;-0.3;
1957;-0.08;
1958;0.39;
1959;0.36;
1960;0.59;
1961;0.42;
1962;0.73;
1963;0.5;
1964;0.67;
1965;0.92;
1966;0.92;
1967;0.88;
1968;1.11;
1969;0.99;
1970;0.82;
1971;0.92;
1972;1.09;
1973;1.63;
1974;1.93;
1975;1.98;
1976;1.91;
1977;2.1;
1978;1.82;
1979;1.59;
1980;1.76;
1981;1.69;
1982;1.59;
1983;1.72;
1984;1.63;
1985;1.35;
1986;1.26;
1987;1.18;
1988;1.44;
1989;1.48;
1990;1.41;
1991;1.35;
1992;1.52;
1993;1.28;
1994;1.13;
1995;1.11;
1996;0.78;
1997;1.18;
1998;0.81;
1999;0.81;
2000;0.72;
